MXene_formula,Work_Function(eV),Magnetic(T/F),Bulk_modulus_K(N/m),Shear_modulus(N/m),Youngs_modulus(N/m)
Ce2C1,3.95,FALSE,169,109,172
Ce2C1As2,3.68,FALSE,139,139,227
Ce2C1Br2,3.93,FALSE,137,106,247
Ce2C1Cl2,4.55,FALSE,144,148,253
Ce2C1F2,4.34,FALSE,152,136,249
Ce2C1I2,3.18,FALSE,110,95,261
Ce2C1O2,6.58,FALSE,200,181,401
Ce2C1P2,3.88,FALSE,135,151,317
Ce2C1S2,5.96,FALSE,157,155,287
Ce2C1Sb2,3.67,FALSE,150,128,273
Ce2C1Se2,4.83,FALSE,153,145,254
Ce2C1Te2,3.74,FALSE,153,97,182
Ce2N1,4.09,FALSE,182,199,537
Ce2N1As2,3.80,FALSE,168,187,499
Ce2N1Br2,4.01,FALSE,158,168,470
Ce2N1Cl2,4.55,FALSE,166,192,492
Ce2N1F2,3.97,FALSE,170,179,476
Ce2N1I2,3.16,FALSE,138,150,396
Ce2N1O2,6.97,FALSE,220,203,569
Ce2N1P2,4.43,FALSE,164,194,533
Ce2N1S2,6.14,FALSE,176,198,518
Ce2N1Sb2,3.83,FALSE,160,185,515
Ce2N1Se2,4.96,FALSE,166,190,499
Ce2N1Te2,3.84,FALSE,161,157,453
Ce3C2,4.04,TRUE,157,104,203
Ce3C2As2,3.88,FALSE,143,124,210
Ce3C2Br2,3.94,FALSE,149,102,205
Ce3C2Cl2,4.49,FALSE,152,125,216
Ce3C2F2,4.34,FALSE,163,110,205
Ce3C2I2,3.39,FALSE,129,96,224
Ce3C2O2,6.11,FALSE,198,153,342
Ce3C2P2,3.97,FALSE,136,135,291
Ce3C2S2,5.84,FALSE,158,137,248
Ce3C2Sb2,3.83,FALSE,153,117,238
Ce3C2Se2,4.86,FALSE,162,129,217
Ce3C2Te2,3.88,FALSE,150,101,180
Ce3N2,4.18,FALSE,190,201,549
Ce3N2As2,4.01,FALSE,179,191,513
Ce3N2Br2,4.21,FALSE,170,177,492
Ce3N2Cl2,4.44,FALSE,176,196,508
Ce3N2F2,4.04,FALSE,187,188,506
Ce3N2I2,3.57,FALSE,156,164,439
Ce3N2O2,6.23,FALSE,233,209,571
Ce3N2P2,4.49,FALSE,174,197,545
Ce3N2S2,5.73,FALSE,194,200,535
Ce3N2Sb2,4.00,FALSE,173,190,525
Ce3N2Se2,4.95,FALSE,178,194,514
Ce3N2Te2,4.07,FALSE,177,173,486
Ce4C3,4.10,TRUE,155,100,200
Ce4C3As2,3.98,FALSE,150,117,210
Ce4C3Br2,4.03,TRUE,152,99,195
Ce4C3Cl2,4.44,FALSE,155,117,204
Ce4C3F2,4.31,FALSE,162,105,194
Ce4C3I2,3.60,FALSE,138,95,210
Ce4C3O2,5.76,FALSE,192,139,304
Ce4C3P2,4.28,FALSE,155,130,271
Ce4C3S2,5.49,FALSE,159,127,234
Ce4C3Sb2,3.93,FALSE,154,112,226
Ce4C3Se2,4.71,FALSE,158,125,216
Ce4C3Te2,3.99,FALSE,154,100,175
Ce4N3,4.25,FALSE,193,202,552
Ce4N3As2,4.12,FALSE,184,194,523
Ce4N3Br2,4.27,FALSE,180,184,505
Ce4N3Cl2,4.48,FALSE,184,197,518
Ce4N3F2,4.09,FALSE,195,193,516
Ce4N3I2,3.78,FALSE,168,175,464
Ce4N3O2,5.90,FALSE,240,207,566
Ce4N3P2,4.43,FALSE,189,197,548
Ce4N3S2,5.52,FALSE,191,201,539
Ce4N3Sb2,4.13,FALSE,182,193,529
Ce4N3Se2,4.90,FALSE,184,195,524
Ce4N3Te2,4.23,FALSE,185,181,502
Ce5C4,4.15,TRUE,157,98,194
Ce5C4As2,4.04,FALSE,152,112,209
Ce5C4Br2,4.07,TRUE,153,98,189
Ce5C4Cl2,4.42,FALSE,156,112,196
Ce5C4F2,4.30,FALSE,163,102,188
Ce5C4I2,3.69,FALSE,144,96,205
Ce5C4O2,5.50,FALSE,184,131,281
Ce5C4P2,4.31,FALSE,156,122,251
Ce5C4S2,5.29,FALSE,160,120,223
Ce5C4Sb2,3.99,FALSE,155,108,218
Ce5C4Se2,4.66,FALSE,158,118,209
Ce5C4Te2,4.05,FALSE,155,98,172
Ce5N4,4.32,FALSE,197,202,552
Ce5N4As2,4.19,FALSE,188,196,528
Ce5N4Br2,4.29,FALSE,185,187,516
Ce5N4Cl2,4.51,FALSE,189,198,525
Ce5N4F2,4.21,FALSE,195,193,522
Ce5N4I2,3.93,FALSE,176,179,481
Ce5N4O2,5.66,FALSE,222,207,565
Ce5N4P2,4.38,FALSE,184,199,550
Ce5N4S2,5.35,FALSE,190,201,537
Ce5N4Sb2,4.17,FALSE,185,196,537
Ce5N4Se2,4.87,FALSE,189,197,530
Ce5N4Te2,4.31,FALSE,189,185,511
Cr2C1,4.90,TRUE,192,88,320
Cr2C1As2,4.33,TRUE,155,87,249
Cr2C1Br2,4.50,TRUE,127,62,186
Cr2C1Cl2,5.45,TRUE,118,69,231
Cr2C1F2,5.52,TRUE,186,99,262
Cr2C1I2,3.37,TRUE,129,76,185
Cr2C1O2,8.57,FALSE,286,196,497
Cr2C1P2,4.53,TRUE,189,120,311
Cr2C1S2,5.52,FALSE,221,142,434
Cr2C1Sb2,3.94,TRUE,150,72,272
Cr2C1Se2,4.81,TRUE,162,84,230
Cr2C1Te2,3.95,TRUE,156,48,195
Cr2N1,5.39,FALSE,201,177,559
Cr2N1As2,4.62,TRUE,190,168,530
Cr2N1Br2,5.10,TRUE,149,153,473
Cr2N1Cl2,5.88,TRUE,144,176,514
Cr2N1F2,6.39,TRUE,187,148,499
Cr2N1I2,3.64,FALSE,146,126,316
Cr2N1O2,7.97,FALSE,252,200,568
Cr2N1P2,4.78,FALSE,258,179,552
Cr2N1S2,5.82,FALSE,249,188,562
Cr2N1Sb2,4.43,TRUE,166,161,518
Cr2N1Se2,5.47,TRUE,196,163,527
Cr2N1Te2,4.67,TRUE,194,154,505
Cr3C2,4.88,TRUE,169,88,259
Cr3C2As2,4.40,TRUE,174,82,222
Cr3C2Br2,4.70,TRUE,159,69,176
Cr3C2Cl2,5.15,TRUE,141,75,199
Cr3C2F2,5.36,TRUE,181,88,253
Cr3C2I2,3.62,TRUE,148,90,191
Cr3C2O2,7.95,FALSE,312,172,430
Cr3C2P2,4.57,TRUE,203,110,280
Cr3C2S2,5.31,FALSE,233,129,361
Cr3C2Sb2,4.21,TRUE,174,75,243
Cr3C2Se2,4.70,TRUE,209,105,324
Cr3C2Te2,4.16,TRUE,179,57,168
Cr3N2,5.45,FALSE,210,177,556
Cr3N2As2,4.93,FALSE,219,187,539
Cr3N2Br2,5.70,TRUE,194,172,542
Cr3N2Cl2,5.69,FALSE,195,183,532
Cr3N2F2,6.12,FALSE,239,174,535
Cr3N2I2,4.52,FALSE,191,162,435
Cr3N2O2,7.90,FALSE,315,209,581
Cr3N2P2,4.94,FALSE,270,183,552
Cr3N2S2,5.87,FALSE,226,182,550
Cr3N2Sb2,4.84,FALSE,194,176,535
Cr3N2Se2,5.48,FALSE,227,176,539
Cr3N2Te2,5.10,FALSE,216,165,524
Cr4C3,4.77,TRUE,168,84,224
Cr4C3As2,4.52,TRUE,187,84,210
Cr4C3Br2,4.80,TRUE,168,73,171
Cr4C3Cl2,4.76,TRUE,178,114,255
Cr4C3F2,6.10,TRUE,192,110,244
Cr4C3I2,3.99,TRUE,168,79,185
Cr4C3O2,5.98,TRUE,265,129,298
Cr4C3P2,4.60,TRUE,200,103,249
Cr4C3S2,5.17,TRUE,231,117,313
Cr4C3Sb2,4.37,TRUE,185,78,224
Cr4C3Se2,4.69,TRUE,214,102,288
Cr4C3Te2,4.12,TRUE,182,76,222
Cr4N3,5.49,FALSE,233,184,560
Cr4N3As2,4.89,FALSE,241,179,539
Cr4N3Br2,5.59,FALSE,238,184,518
Cr4N3Cl2,5.79,FALSE,241,187,553
Cr4N3F2,6.53,FALSE,253,186,548
Cr4N3I2,4.71,FALSE,209,162,461
Cr4N3O2,7.39,FALSE,330,206,576
Cr4N3P2,5.08,FALSE,288,187,555
Cr4N3S2,5.64,FALSE,264,187,551
Cr4N3Sb2,4.98,FALSE,228,173,540
Cr4N3Se2,5.48,FALSE,256,182,544
Cr4N3Te2,5.17,FALSE,218,172,535
Cr5C4,4.77,TRUE,182,83,208
Cr5C4As2,4.58,TRUE,197,83,199
Cr5C4Br2,4.65,TRUE,186,101,230
Cr5C4Cl2,4.78,TRUE,182,86,186
Cr5C4F2,5.81,TRUE,199,106,220
Cr5C4I2,4.07,TRUE,179,88,185
Cr5C4O2,6.87,FALSE,308,142,341
Cr5C4P2,4.66,TRUE,215,101,234
Cr5C4S2,5.11,TRUE,237,112,284
Cr5C4Sb2,4.46,TRUE,197,80,213
Cr5C4Se2,4.79,TRUE,209,84,200
Cr5C4Te2,4.41,TRUE,197,70,173
Cr5N4,5.53,FALSE,272,188,560
Cr5N4As2,5.18,FALSE,258,187,544
Cr5N4Br2,5.61,FALSE,268,179,540
Cr5N4Cl2,5.49,FALSE,258,189,542
Cr5N4F2,6.27,FALSE,312,189,551
Cr5N4I2,4.83,FALSE,247,171,482
Cr5N4O2,6.61,FALSE,300,202,563
Cr5N4P2,5.27,FALSE,284,197,556
Cr5N4S2,5.66,FALSE,297,195,560
Cr5N4Sb2,5.14,FALSE,260,186,544
Cr5N4Se2,5.32,FALSE,291,188,548
Cr5N4Te2,5.16,FALSE,275,179,536
Dy2C1,3.77,TRUE,169,110,193
Dy2C1As2,3.70,FALSE,145,119,235
Dy2C1Br2,3.73,FALSE,140,102,241
Dy2C1Cl2,4.32,FALSE,150,143,240
Dy2C1F2,3.57,FALSE,160,135,269
Dy2C1I2,3.12,FALSE,120,99,259
Dy2C1O2,6.17,FALSE,191,180,439
Dy2C1P2,4.65,FALSE,145,155,299
Dy2C1S2,5.85,FALSE,154,163,357
Dy2C1Sb2,3.75,FALSE,157,118,298
Dy2C1Se2,4.76,FALSE,160,147,313
Dy2C1Te2,3.81,FALSE,158,93,215
Dy2N1,3.89,FALSE,184,196,539
Dy2N1As2,3.66,FALSE,162,178,500
Dy2N1Br2,3.86,FALSE,172,162,473
Dy2N1Cl2,4.16,FALSE,183,191,497
Dy2N1F2,3.49,FALSE,184,179,498
Dy2N1I2,3.14,FALSE,146,150,387
Dy2N1O2,6.60,FALSE,237,201,564
Dy2N1P2,4.45,FALSE,167,194,529
Dy2N1S2,6.09,FALSE,178,197,519
Dy2N1Sb2,3.66,FALSE,159,176,516
Dy2N1Se2,5.10,FALSE,177,189,501
Dy2N1Te2,3.88,FALSE,179,157,475
Dy3C2,3.82,TRUE,159,95,224
Dy3C2As2,3.85,FALSE,154,114,219
Dy3C2Br2,3.75,FALSE,157,99,210
Dy3C2Cl2,4.23,FALSE,160,126,213
Dy3C2F2,3.55,FALSE,172,115,219
Dy3C2I2,3.34,FALSE,135,98,227
Dy3C2O2,5.74,FALSE,217,158,337
Dy3C2P2,4.60,FALSE,155,136,277
Dy3C2S2,5.36,FALSE,156,146,308
Dy3C2Sb2,3.85,FALSE,163,109,269
Dy3C2Se2,4.54,FALSE,167,129,258
Dy3C2Te2,3.97,FALSE,166,96,185
Dy3N2,4.03,FALSE,197,197,548
Dy3N2As2,3.83,FALSE,180,187,516
Dy3N2Br2,3.96,FALSE,192,175,493
Dy3N2Cl2,4.13,FALSE,203,193,515
Dy3N2F2,3.73,FALSE,203,189,515
Dy3N2I2,3.50,FALSE,172,164,433
Dy3N2O2,5.85,FALSE,273,205,569
Dy3N2P2,4.41,FALSE,179,196,538
Dy3N2S2,5.74,FALSE,197,200,535
Dy3N2Sb2,3.86,FALSE,176,186,529
Dy3N2Se2,5.00,FALSE,194,195,520
Dy3N2Te2,4.03,FALSE,191,170,497
Dy4C3,3.92,TRUE,160,95,206
Dy4C3As2,3.92,FALSE,151,115,217
Dy4C3Br2,3.77,FALSE,157,98,206
Dy4C3Cl2,4.17,FALSE,158,123,220
Dy4C3F2,3.71,FALSE,169,113,211
Dy4C3I2,3.51,FALSE,140,97,220
Dy4C3O2,5.42,FALSE,210,143,301
Dy4C3P2,4.53,FALSE,159,126,262
Dy4C3S2,5.04,FALSE,159,134,286
Dy4C3Sb2,3.92,FALSE,162,108,246
Dy4C3Se2,4.24,FALSE,161,120,218
Dy4C3Te2,4.03,FALSE,164,99,188
Dy4N3,4.12,FALSE,202,198,551
Dy4N3As2,3.94,FALSE,190,191,526
Dy4N3Br2,4.04,FALSE,196,182,507
Dy4N3Cl2,4.16,FALSE,205,196,525
Dy4N3F2,3.89,FALSE,209,193,526
Dy4N3I2,3.71,FALSE,183,173,460
Dy4N3O2,5.45,FALSE,278,206,569
Dy4N3P2,4.39,FALSE,188,198,543
Dy4N3S2,5.42,FALSE,197,202,540
Dy4N3Sb2,3.95,FALSE,185,189,537
Dy4N3Se2,4.85,FALSE,194,197,529
Dy4N3Te2,4.09,FALSE,191,179,513
Dy5C4,3.98,TRUE,162,95,199
Dy5C4As2,3.99,FALSE,155,110,210
Dy5C4Br2,3.87,FALSE,158,96,195
Dy5C4Cl2,4.20,FALSE,161,114,197
Dy5C4F2,3.80,FALSE,168,109,203
Dy5C4I2,3.65,FALSE,145,96,209
Dy5C4O2,5.24,FALSE,198,135,279
Dy5C4P2,4.47,FALSE,159,122,251
Dy5C4S2,4.81,FALSE,165,124,269
Dy5C4Sb2,3.99,FALSE,165,104,230
Dy5C4Se2,4.77,FALSE,163,117,208
Dy5C4Te2,4.05,FALSE,165,98,183
Dy5N4,4.14,FALSE,203,199,553
Dy5N4As2,4.00,FALSE,195,193,532
Dy5N4Br2,4.07,FALSE,193,186,517
Dy5N4Cl2,4.18,FALSE,203,197,531
Dy5N4F2,3.94,FALSE,207,196,533
Dy5N4I2,3.81,FALSE,185,179,479
Dy5N4O2,5.21,FALSE,270,207,568
Dy5N4P2,4.37,FALSE,191,200,547
Dy5N4S2,5.21,FALSE,199,203,544
Dy5N4Sb2,4.00,FALSE,190,191,541
Dy5N4Se2,4.74,FALSE,196,199,535
Dy5N4Te2,4.13,FALSE,195,183,521
Er2C1,3.77,FALSE,171,114,185
Er2C1As2,3.62,FALSE,145,117,226
Er2C1Br2,3.67,FALSE,143,105,228
Er2C1Cl2,4.22,FALSE,154,145,241
Er2C1F2,3.40,FALSE,166,133,270
Er2C1I2,3.14,FALSE,122,105,254
Er2C1O2,5.93,FALSE,204,182,439
Er2C1P2,4.63,FALSE,148,154,265
Er2C1S2,5.77,FALSE,157,164,363
Er2C1Sb2,3.73,FALSE,154,121,292
Er2C1Se2,5.29,FALSE,156,142,257
Er2C1Te2,3.86,FALSE,160,92,193
Er2N1,3.99,FALSE,183,196,539
Er2N1As2,3.72,FALSE,162,177,503
Er2N1Br2,3.87,FALSE,176,168,477
Er2N1Cl2,4.15,FALSE,187,193,503
Er2N1F2,3.50,FALSE,188,181,510
Er2N1I2,3.21,FALSE,148,151,386
Er2N1O2,6.44,FALSE,245,205,562
Er2N1P2,4.50,FALSE,167,196,530
Er2N1S2,6.07,FALSE,175,198,523
Er2N1Sb2,3.71,FALSE,163,175,515
Er2N1Se2,5.13,FALSE,178,190,506
Er2N1Te2,3.94,FALSE,181,154,475
Er3C2,3.81,FALSE,163,96,220
Er3C2As2,3.81,FALSE,154,109,205
Er3C2Br2,3.68,FALSE,161,102,209
Er3C2Cl2,4.15,FALSE,164,129,211
Er3C2F2,3.45,FALSE,172,116,213
Er3C2I2,3.37,FALSE,139,99,223
Er3C2O2,5.52,FALSE,227,160,331
Er3C2P2,4.58,FALSE,157,132,237
Er3C2S2,5.34,FALSE,161,147,295
Er3C2Sb2,3.85,FALSE,168,111,245
Er3C2Se2,4.54,FALSE,174,128,244
Er3C2Te2,4.01,FALSE,166,90,168
Er3N2,4.11,FALSE,200,197,548
Er3N2As2,3.90,FALSE,184,184,518
Er3N2Br2,3.98,FALSE,199,177,494
Er3N2Cl2,4.13,FALSE,209,197,521
Er3N2F2,3.93,FALSE,211,192,521
Er3N2I2,3.61,FALSE,178,165,432
Er3N2O2,5.82,FALSE,276,205,567
Er3N2P2,4.46,FALSE,182,198,539
Er3N2S2,5.71,FALSE,199,201,537
Er3N2Sb2,3.90,FALSE,178,184,529
Er3N2Se2,5.01,FALSE,195,195,523
Er3N2Te2,4.08,FALSE,192,171,499
Er4C3,3.90,TRUE,165,97,203
Er4C3As2,3.87,FALSE,154,113,203
Er4C3Br2,3.75,FALSE,162,101,199
Er4C3Cl2,4.10,FALSE,161,126,212
Er4C3F2,3.58,FALSE,174,114,206
Er4C3I2,3.53,FALSE,146,100,213
Er4C3O2,5.24,FALSE,219,145,295
Er4C3P2,4.52,FALSE,159,131,240
Er4C3S2,4.98,FALSE,165,135,282
Er4C3Sb2,3.90,FALSE,164,111,233
Er4C3Se2,4.20,FALSE,170,121,230
Er4C3Te2,4.05,FALSE,165,96,172
Er4N3,4.20,FALSE,205,200,551
Er4N3As2,4.00,FALSE,194,188,527
Er4N3Br2,4.08,FALSE,201,186,509
Er4N3Cl2,4.19,FALSE,212,200,529
Er4N3F2,4.07,FALSE,220,196,529
Er4N3I2,3.76,FALSE,187,174,461
Er4N3O2,5.49,FALSE,282,203,567
Er4N3P2,4.44,FALSE,192,199,544
Er4N3S2,5.42,FALSE,200,202,541
Er4N3Sb2,4.01,FALSE,188,188,535
Er4N3Se2,4.87,FALSE,196,198,530
Er4N3Te2,4.14,FALSE,192,178,513
Er5C4,3.96,TRUE,167,98,193
Er5C4As2,3.95,FALSE,159,110,197
Er5C4Br2,3.83,FALSE,162,99,190
Er5C4Cl2,4.15,FALSE,165,115,190
Er5C4F2,3.70,FALSE,173,110,197
Er5C4I2,3.66,FALSE,152,97,201
Er5C4O2,5.07,FALSE,210,136,270
Er5C4P2,4.46,FALSE,164,120,224
Er5C4S2,4.78,FALSE,170,124,262
Er5C4Sb2,3.96,FALSE,165,110,221
Er5C4Se2,4.78,FALSE,166,118,203
Er5C4Te2,4.07,FALSE,165,97,172
Er5N4,4.23,FALSE,209,201,553
Er5N4As2,4.08,FALSE,199,190,533
Er5N4Br2,4.11,FALSE,204,190,519
Er5N4Cl2,4.22,FALSE,212,200,534
Er5N4F2,4.13,FALSE,218,197,534
Er5N4I2,3.87,FALSE,189,180,479
Er5N4O2,5.27,FALSE,273,203,566
Er5N4P2,4.43,FALSE,198,200,547
Er5N4S2,5.23,FALSE,204,202,544
Er5N4Sb2,4.07,FALSE,194,191,540
Er5N4Se2,4.78,FALSE,199,199,536
Er5N4Te2,4.18,FALSE,198,181,521
Eu2C1,3.87,FALSE,147,120,271
Eu2C1As2,3.62,FALSE,145,135,282
Eu2C1Br2,3.49,FALSE,146,107,246
Eu2C1Cl2,3.90,FALSE,145,136,248
Eu2C1F2,4.67,FALSE,167,145,277
Eu2C1I2,3.06,FALSE,126,110,252
Eu2C1O2,6.50,FALSE,200,181,421
Eu2C1P2,4.36,FALSE,147,151,311
Eu2C1S2,6.06,FALSE,140,148,376
Eu2C1Sb2,3.67,FALSE,161,133,313
Eu2C1Se2,4.58,FALSE,138,138,318
Eu2C1Te2,3.80,FALSE,162,105,212
Eu2N1,3.91,FALSE,180,166,508
Eu2N1As2,3.68,FALSE,180,170,498
Eu2N1Br2,3.66,FALSE,162,155,471
Eu2N1Cl2,4.11,FALSE,170,177,484
Eu2N1F2,4.15,FALSE,186,153,480
Eu2N1I2,3.01,FALSE,145,143,391
Eu2N1O2,6.65,FALSE,222,208,558
Eu2N1P2,4.32,FALSE,181,181,521
Eu2N1S2,5.64,FALSE,157,185,531
Eu2N1Sb2,3.65,FALSE,166,169,504
Eu2N1Se2,5.11,FALSE,181,178,502
Eu2N1Te2,3.78,FALSE,188,153,462
Eu3C2,4.03,FALSE,174,108,218
Eu3C2As2,3.78,FALSE,147,124,255
Eu3C2Br2,3.70,FALSE,159,108,234
Eu3C2Cl2,3.85,FALSE,168,128,213
Eu3C2F2,3.57,FALSE,174,110,195
Eu3C2I2,3.38,FALSE,139,108,260
Eu3C2O2,5.17,FALSE,194,156,291
Eu3C2P2,4.59,FALSE,153,131,316
Eu3C2S2,5.21,FALSE,174,133,250
Eu3C2Sb2,3.92,FALSE,158,113,290
Eu3C2Se2,4.40,FALSE,144,121,248
Eu3C2Te2,3.85,FALSE,163,105,196
Eu3N2,3.94,FALSE,174,178,518
Eu3N2As2,3.81,FALSE,178,176,503
Eu3N2Br2,3.87,FALSE,190,169,501
Eu3N2Cl2,4.36,FALSE,192,182,515
Eu3N2F2,4.30,FALSE,201,173,501
Eu3N2I2,3.36,FALSE,162,157,428
Eu3N2O2,6.03,FALSE,228,201,543
Eu3N2P2,4.39,FALSE,187,181,522
Eu3N2S2,5.22,FALSE,172,185,520
Eu3N2Sb2,3.80,FALSE,169,174,514
Eu3N2Se2,4.92,FALSE,190,178,507
Eu3N2Te2,3.91,FALSE,188,168,484
Eu4C3,4.13,TRUE,155,116,213
Eu4C3As2,3.92,FALSE,154,117,254
Eu4C3Br2,3.66,FALSE,156,110,224
Eu4C3Cl2,3.95,FALSE,161,125,229
Eu4C3F2,3.91,FALSE,176,125,240
Eu4C3I2,3.40,FALSE,143,107,224
Eu4C3O2,5.44,FALSE,180,148,331
Eu4C3P2,4.50,FALSE,160,125,292
Eu4C3S2,4.92,FALSE,153,124,269
Eu4C3Sb2,3.99,FALSE,160,110,274
Eu4C3Se2,4.27,FALSE,151,113,232
Eu4C3Te2,3.97,FALSE,167,102,219
Eu4N3,4.04,FALSE,184,181,522
Eu4N3As2,3.95,FALSE,193,177,510
Eu4N3Br2,3.93,FALSE,190,171,496
Eu4N3Cl2,4.38,FALSE,190,183,517
Eu4N3F2,4.18,FALSE,207,177,509
Eu4N3I2,3.60,FALSE,173,164,449
Eu4N3O2,5.67,FALSE,210,197,539
Eu4N3P2,4.36,FALSE,182,183,523
Eu4N3S2,5.19,FALSE,182,188,519
Eu4N3Sb2,3.92,FALSE,176,176,517
Eu4N3Se2,4.80,FALSE,194,181,509
Eu4N3Te2,3.98,FALSE,188,173,494
Eu5C4,4.06,FALSE,168,104,196
Eu5C4As2,3.99,FALSE,155,113,245
Eu5C4Br2,3.87,FALSE,156,106,214
Eu5C4Cl2,4.06,FALSE,162,118,214
Eu5C4F2,4.09,FALSE,186,117,211
Eu5C4I2,3.62,FALSE,146,105,213
Eu5C4O2,5.32,FALSE,178,139,301
Eu5C4P2,4.40,FALSE,157,123,273
Eu5C4S2,4.95,FALSE,155,117,246
Eu5C4Sb2,3.98,FALSE,160,111,249
Eu5C4Se2,4.36,FALSE,157,110,231
Eu5C4Te2,3.95,FALSE,173,100,209
Eu5N4,4.17,FALSE,188,181,519
Eu5N4As2,4.02,FALSE,194,180,511
Eu5N4Br2,4.10,FALSE,189,175,504
Eu5N4Cl2,4.22,FALSE,194,182,506
Eu5N4F2,4.18,FALSE,203,179,513
Eu5N4I2,3.76,FALSE,177,168,463
Eu5N4O2,5.47,FALSE,202,195,536
Eu5N4P2,4.35,FALSE,185,184,522
Eu5N4S2,5.08,FALSE,189,187,520
Eu5N4Sb2,3.98,FALSE,182,179,519
Eu5N4Se2,4.71,FALSE,197,183,511
Eu5N4Te2,4.06,FALSE,193,175,496
Gd2C1,3.97,FALSE,156,112,190
Gd2C1As2,3.67,FALSE,142,136,230
Gd2C1Br2,3.94,FALSE,139,105,246
Gd2C1Cl2,4.53,FALSE,151,149,255
Gd2C1F2,4.10,FALSE,155,140,271
Gd2C1I2,3.21,FALSE,113,98,255
Gd2C1O2,6.71,FALSE,187,179,433
Gd2C1P2,4.52,FALSE,142,161,270
Gd2C1S2,5.94,FALSE,146,164,335
Gd2C1Sb2,3.62,FALSE,145,130,279
Gd2C1Se2,4.81,FALSE,154,147,294
Gd2C1Te2,3.86,FALSE,156,103,226
Gd2N1,4.19,FALSE,179,199,536
Gd2N1As2,3.78,FALSE,158,182,502
Gd2N1Br2,4.12,FALSE,160,169,476
Gd2N1Cl2,4.44,FALSE,173,193,496
Gd2N1F2,3.87,FALSE,175,179,493
Gd2N1I2,3.26,FALSE,141,153,391
Gd2N1O2,7.01,FALSE,230,201,565
Gd2N1P2,4.58,FALSE,162,198,529
Gd2N1S2,6.12,FALSE,178,198,516
Gd2N1Sb2,3.82,FALSE,154,181,514
Gd2N1Se2,5.07,FALSE,170,190,502
Gd2N1Te2,3.95,FALSE,172,157,466
Gd3C2,4.02,FALSE,151,101,206
Gd3C2As2,3.88,FALSE,147,124,214
Gd3C2Br2,3.96,FALSE,152,104,212
Gd3C2Cl2,4.46,FALSE,157,131,215
Gd3C2F2,4.01,FALSE,167,119,215
Gd3C2I2,3.43,FALSE,132,100,229
Gd3C2O2,6.08,FALSE,206,160,327
Gd3C2P2,4.66,FALSE,160,139,304
Gd3C2S2,5.39,FALSE,141,145,300
Gd3C2Sb2,3.96,FALSE,153,110,276
Gd3C2Se2,4.57,FALSE,160,134,252
Gd3C2Te2,4.00,FALSE,161,103,193
Gd3N2,4.27,FALSE,191,200,545
Gd3N2As2,3.99,FALSE,174,190,518
Gd3N2Br2,4.16,FALSE,181,180,497
Gd3N2Cl2,4.43,FALSE,190,197,514
Gd3N2F2,3.95,FALSE,195,191,510
Gd3N2I2,3.64,FALSE,165,167,436
Gd3N2O2,6.26,FALSE,259,206,569
Gd3N2P2,4.58,FALSE,173,200,537
Gd3N2S2,5.83,FALSE,194,201,531
Gd3N2Sb2,4.02,FALSE,168,188,526
Gd3N2Se2,5.06,FALSE,186,195,519
Gd3N2Te2,4.21,FALSE,183,175,491
Gd4C3,4.10,FALSE,154,101,190
Gd4C3As2,4.04,FALSE,152,115,216
Gd4C3Br2,4.00,FALSE,152,102,204
Gd4C3Cl2,4.40,FALSE,153,126,214
Gd4C3F2,4.14,FALSE,163,115,212
Gd4C3I2,3.60,FALSE,139,100,220
Gd4C3O2,5.76,FALSE,200,145,289
Gd4C3P2,4.58,FALSE,157,128,274
Gd4C3S2,5.16,FALSE,150,136,272
Gd4C3Sb2,4.04,FALSE,154,108,254
Gd4C3Se2,4.32,FALSE,150,122,205
Gd4C3Te2,4.09,FALSE,162,102,187
Gd4N3,4.35,FALSE,191,201,549
Gd4N3As2,4.11,FALSE,182,194,527
Gd4N3Br2,4.29,FALSE,181,187,510
Gd4N3Cl2,4.45,FALSE,192,199,524
Gd4N3F2,4.09,FALSE,200,196,519
Gd4N3I2,3.87,FALSE,170,177,462
Gd4N3O2,5.81,FALSE,260,207,567
Gd4N3P2,4.59,FALSE,180,202,542
Gd4N3S2,5.59,FALSE,193,203,537
Gd4N3Sb2,4.14,FALSE,178,192,534
Gd4N3Se2,5.00,FALSE,189,198,528
Gd4N3Te2,4.25,FALSE,186,183,506
Gd5C4,4.15,FALSE,157,99,188
Gd5C4As2,4.08,FALSE,150,114,216
Gd5C4Br2,4.08,FALSE,155,100,195
Gd5C4Cl2,4.40,FALSE,157,118,198
Gd5C4F2,4.20,FALSE,164,110,200
Gd5C4I2,3.75,FALSE,143,98,209
Gd5C4O2,5.48,FALSE,190,135,272
Gd5C4P2,4.53,FALSE,158,125,264
Gd5C4S2,4.96,FALSE,159,127,248
Gd5C4Sb2,4.08,FALSE,154,107,244
Gd5C4Se2,4.43,FALSE,154,109,195
Gd5C4Te2,4.11,FALSE,162,102,188
Gd5N4,4.39,FALSE,192,202,551
Gd5N4As2,4.20,FALSE,186,197,533
Gd5N4Br2,4.33,FALSE,183,190,519
Gd5N4Cl2,4.46,FALSE,192,200,530
Gd5N4F2,4.18,FALSE,198,197,527
Gd5N4I2,3.98,FALSE,175,182,479
Gd5N4O2,5.54,FALSE,248,208,565
Gd5N4P2,4.58,FALSE,184,204,546
Gd5N4S2,5.41,FALSE,193,203,541
Gd5N4Sb2,4.21,FALSE,182,195,538
Gd5N4Se2,4.92,FALSE,190,200,532
Gd5N4Te2,4.32,FALSE,186,186,516
Hf2C1,4.40,FALSE,146,111,243
Hf2C1As2,3.78,FALSE,168,76,243
Hf2C1Br2,3.38,FALSE,161,115,287
Hf2C1Cl2,3.86,FALSE,167,112,283
Hf2C1F2,3.13,FALSE,190,106,330
Hf2C1I2,3.09,FALSE,140,114,285
Hf2C1O2,5.73,FALSE,259,167,423
Hf2C1P2,4.82,FALSE,170,110,300
Hf2C1S2,6.76,FALSE,163,130,312
Hf2C1Sb2,3.99,FALSE,156,57,202
Hf2C1Se2,5.70,FALSE,167,105,282
Hf2C1Te2,4.14,FALSE,163,39,117
Hf2N1,4.56,FALSE,188,165,556
Hf2N1As2,4.13,FALSE,184,167,508
Hf2N1Br2,3.71,FALSE,196,159,518
Hf2N1Cl2,4.03,FALSE,201,171,530
Hf2N1F2,4.70,FALSE,249,162,546
Hf2N1I2,3.37,FALSE,165,147,404
Hf2N1O2,6.54,FALSE,268,185,573
Hf2N1P2,4.83,FALSE,176,183,539
Hf2N1S2,6.53,FALSE,193,178,536
Hf2N1Sb2,3.96,FALSE,175,150,487
Hf2N1Se2,5.60,FALSE,198,163,522
Hf2N1Te2,4.22,FALSE,192,129,415
Hf3C2,4.47,FALSE,143,109,232
Hf3C2As2,4.03,FALSE,178,83,223
Hf3C2Br2,3.65,FALSE,177,109,259
Hf3C2Cl2,4.10,FALSE,176,107,254
Hf3C2F2,3.32,FALSE,195,108,262
Hf3C2I2,3.50,FALSE,145,111,254
Hf3C2O2,5.39,FALSE,252,149,353
Hf3C2P2,4.84,FALSE,181,108,273
Hf3C2S2,6.28,FALSE,181,122,279
Hf3C2Sb2,4.16,FALSE,164,66,193
Hf3C2Se2,5.55,FALSE,184,97,260
Hf3C2Te2,4.34,FALSE,172,39,128
Hf3N2,4.75,FALSE,196,170,564
Hf3N2As2,4.36,FALSE,193,170,525
Hf3N2Br2,4.04,FALSE,231,175,540
Hf3N2Cl2,4.31,FALSE,238,174,548
Hf3N2F2,4.61,FALSE,274,165,555
Hf3N2I2,3.79,FALSE,192,159,458
Hf3N2O2,6.12,FALSE,301,191,582
Hf3N2P2,4.80,FALSE,204,184,549
Hf3N2S2,6.03,FALSE,223,179,545
Hf3N2Sb2,4.32,FALSE,195,161,510
Hf3N2Se2,5.40,FALSE,220,169,536
Hf3N2Te2,4.38,FALSE,214,142,460
Hf4C3,4.51,FALSE,164,108,221
Hf4C3As2,4.12,FALSE,184,87,221
Hf4C3Br2,3.94,FALSE,186,107,240
Hf4C3Cl2,4.26,FALSE,187,104,238
Hf4C3F2,3.64,FALSE,205,108,240
Hf4C3I2,3.76,FALSE,161,109,234
Hf4C3O2,5.19,FALSE,245,139,317
Hf4C3P2,4.78,FALSE,188,107,255
Hf4C3S2,5.91,FALSE,190,118,258
Hf4C3Sb2,4.28,FALSE,176,73,193
Hf4C3Se2,5.37,FALSE,191,97,244
Hf4C3Te2,4.41,FALSE,181,51,143
Hf4N3,4.78,FALSE,217,175,568
Hf4N3As2,4.41,FALSE,205,176,538
Hf4N3Br2,4.22,FALSE,244,177,547
Hf4N3Cl2,4.49,FALSE,251,175,553
Hf4N3F2,4.65,FALSE,283,168,558
Hf4N3I2,4.10,FALSE,207,162,482
Hf4N3O2,5.91,FALSE,290,187,580
Hf4N3P2,4.87,FALSE,217,181,552
Hf4N3S2,5.80,FALSE,236,180,552
Hf4N3Sb2,4.45,FALSE,195,167,525
Hf4N3Se2,5.32,FALSE,226,172,544
Hf4N3Te2,4.51,FALSE,217,155,490
Hf5C4,4.53,FALSE,176,106,215
Hf5C4As2,4.20,FALSE,189,90,216
Hf5C4Br2,4.01,FALSE,192,106,232
Hf5C4Cl2,4.28,FALSE,193,105,231
Hf5C4F2,3.76,FALSE,207,107,232
Hf5C4I2,3.93,FALSE,171,107,226
Hf5C4O2,5.07,FALSE,239,132,295
Hf5C4P2,4.74,FALSE,192,106,245
Hf5C4S2,5.66,FALSE,194,115,247
Hf5C4Sb2,4.30,FALSE,184,79,194
Hf5C4Se2,5.23,FALSE,195,98,236
Hf5C4Te2,4.42,FALSE,188,61,153
Hf5N4,4.84,FALSE,233,174,568
Hf5N4As2,4.54,FALSE,218,176,544
Hf5N4Br2,4.43,FALSE,246,177,553
Hf5N4Cl2,4.65,FALSE,248,174,556
Hf5N4F2,4.66,FALSE,278,169,560
Hf5N4I2,4.25,FALSE,227,163,502
Hf5N4O2,5.79,FALSE,281,186,577
Hf5N4P2,4.86,FALSE,226,181,557
Hf5N4S2,5.65,FALSE,236,180,556
Hf5N4Sb2,4.57,FALSE,216,167,532
Hf5N4Se2,5.26,FALSE,229,174,549
Hf5N4Te2,4.58,FALSE,225,159,506
Ho2C1,3.80,FALSE,170,113,187
Ho2C1As2,3.66,FALSE,145,119,232
Ho2C1Br2,3.73,FALSE,142,110,241
Ho2C1Cl2,4.29,FALSE,154,146,245
Ho2C1F2,3.51,FALSE,165,135,267
Ho2C1I2,3.14,FALSE,121,104,254
Ho2C1O2,6.11,FALSE,201,181,438
Ho2C1P2,4.66,FALSE,148,152,272
Ho2C1S2,5.80,FALSE,157,164,356
Ho2C1Sb2,3.76,FALSE,159,118,294
Ho2C1Se2,4.76,FALSE,163,148,318
Ho2C1Te2,3.86,FALSE,158,92,212
Ho2N1,4.00,FALSE,182,196,539
Ho2N1As2,3.71,FALSE,161,179,502
Ho2N1Br2,3.88,FALSE,176,169,477
Ho2N1Cl2,4.20,FALSE,187,192,502
Ho2N1F2,3.52,FALSE,187,181,507
Ho2N1I2,3.20,FALSE,148,152,387
Ho2N1O2,6.56,FALSE,243,202,562
Ho2N1P2,4.50,FALSE,167,195,530
Ho2N1S2,6.06,FALSE,178,197,522
Ho2N1Sb2,3.71,FALSE,163,174,514
Ho2N1Se2,5.11,FALSE,178,190,504
Ho2N1Te2,3.93,FALSE,180,155,476
Ho3C2,3.84,FALSE,161,96,220
Ho3C2As2,3.84,FALSE,155,113,211
Ho3C2Br2,3.73,FALSE,160,104,210
Ho3C2Cl2,4.20,FALSE,162,129,211
Ho3C2F2,3.53,FALSE,172,118,217
Ho3C2I2,3.37,FALSE,137,100,226
Ho3C2O2,5.63,FALSE,223,160,333
Ho3C2P2,4.60,FALSE,156,135,250
Ho3C2S2,5.32,FALSE,161,147,299
Ho3C2Sb2,3.85,FALSE,164,112,258
Ho3C2Se2,4.54,FALSE,171,130,259
Ho3C2Te2,4.00,FALSE,165,95,181
Ho3N2,4.12,FALSE,198,197,547
Ho3N2As2,3.90,FALSE,182,186,517
Ho3N2Br2,3.98,FALSE,197,177,496
Ho3N2Cl2,4.15,FALSE,206,195,519
Ho3N2F2,3.87,FALSE,209,192,520
Ho3N2I2,3.62,FALSE,175,164,433
Ho3N2O2,5.88,FALSE,276,205,568
Ho3N2P2,4.47,FALSE,180,197,539
Ho3N2S2,5.74,FALSE,199,202,536
Ho3N2Sb2,3.90,FALSE,177,185,529
Ho3N2Se2,5.02,FALSE,195,194,520
Ho3N2Te2,4.08,FALSE,192,171,498
Ho4C3,3.92,TRUE,162,97,203
Ho4C3As2,3.91,FALSE,153,116,210
Ho4C3Br2,3.78,FALSE,160,103,204
Ho4C3Cl2,4.14,FALSE,161,124,211
Ho4C3F2,3.69,FALSE,175,114,205
Ho4C3I2,3.54,FALSE,143,100,217
Ho4C3O2,5.33,FALSE,215,145,297
Ho4C3P2,4.53,FALSE,157,132,255
Ho4C3S2,5.01,FALSE,165,134,281
Ho4C3Sb2,3.94,FALSE,166,110,232
Ho4C3Se2,4.23,FALSE,166,121,224
Ho4C3Te2,4.05,FALSE,165,98,177
Ho4N3,4.21,FALSE,202,199,550
Ho4N3As2,4.01,FALSE,192,190,527
Ho4N3Br2,4.07,FALSE,200,186,509
Ho4N3Cl2,4.21,FALSE,209,198,529
Ho4N3F2,4.03,FALSE,216,196,527
Ho4N3I2,3.75,FALSE,186,175,462
Ho4N3O2,5.50,FALSE,283,205,567
Ho4N3P2,4.45,FALSE,186,199,544
Ho4N3S2,5.43,FALSE,198,201,542
Ho4N3Sb2,4.02,FALSE,186,188,536
Ho4N3Se2,4.88,FALSE,194,198,531
Ho4N3Te2,4.13,FALSE,192,179,513
Ho5C4,3.98,TRUE,165,98,194
Ho5C4As2,3.98,FALSE,156,112,204
Ho5C4Br2,3.85,FALSE,161,101,195
Ho5C4Cl2,4.19,FALSE,164,116,194
Ho5C4F2,3.75,FALSE,170,112,201
Ho5C4I2,3.66,FALSE,148,98,205
Ho5C4O2,5.16,FALSE,204,137,274
Ho5C4P2,4.47,FALSE,159,125,241
Ho5C4S2,4.82,FALSE,168,125,262
Ho5C4Sb2,3.99,FALSE,164,109,226
Ho5C4Se2,4.80,FALSE,165,118,203
Ho5C4Te2,4.07,FALSE,165,98,177
Ho5N4,4.24,FALSE,205,201,552
Ho5N4As2,4.07,FALSE,197,193,533
Ho5N4Br2,4.14,FALSE,198,189,518
Ho5N4Cl2,4.26,FALSE,207,199,533
Ho5N4F2,4.09,FALSE,213,198,532
Ho5N4I2,3.88,FALSE,187,180,479
Ho5N4O2,5.28,FALSE,273,205,566
Ho5N4P2,4.44,FALSE,191,201,547
Ho5N4S2,5.25,FALSE,202,202,544
Ho5N4Sb2,4.08,FALSE,192,191,540
Ho5N4Se2,4.77,FALSE,197,199,537
Ho5N4Te2,4.19,FALSE,196,182,521
La2C1,4.05,FALSE,156,110,230
La2C1As2,3.66,FALSE,135,141,293
La2C1Br2,3.76,TRUE,134,108,232
La2C1Cl2,4.19,FALSE,144,149,250
La2C1F2,4.55,FALSE,152,137,234
La2C1I2,3.12,FALSE,118,102,250
La2C1O2,6.53,FALSE,185,181,444
La2C1P2,4.08,FALSE,140,148,348
La2C1S2,5.73,FALSE,133,157,284
La2C1Sb2,3.71,FALSE,141,123,325
La2C1Se2,4.71,FALSE,136,144,227
La2C1Te2,3.63,FALSE,145,111,201
La2N1,4.20,FALSE,173,190,533
La2N1As2,3.84,FALSE,165,181,489
La2N1Br2,3.91,FALSE,163,167,476
La2N1Cl2,4.52,FALSE,163,191,495
La2N1F2,4.44,FALSE,180,178,466
La2N1I2,3.15,FALSE,139,148,415
La2N1O2,7.07,FALSE,202,206,570
La2N1P2,4.62,FALSE,167,193,521
La2N1S2,6.11,FALSE,165,200,526
La2N1Sb2,3.82,FALSE,167,180,499
La2N1Se2,4.83,FALSE,166,191,506
La2N1Te2,3.75,FALSE,161,164,441
La3C2,4.13,FALSE,164,102,196
La3C2As2,3.84,FALSE,143,127,260
La3C2Br2,3.94,TRUE,156,107,208
La3C2Cl2,4.46,FALSE,160,128,213
La3C2F2,4.64,TRUE,165,116,200
La3C2I2,3.38,FALSE,138,97,230
La3C2O2,6.20,FALSE,191,154,344
La3C2P2,4.00,FALSE,132,134,302
La3C2S2,5.14,FALSE,132,138,286
La3C2Sb2,3.85,FALSE,152,114,262
La3C2Se2,4.30,FALSE,138,129,229
La3C2Te2,3.78,FALSE,152,103,183
La3N2,4.12,FALSE,165,196,543
La3N2As2,4.06,FALSE,174,189,508
La3N2Br2,4.05,FALSE,172,179,498
La3N2Cl2,4.54,FALSE,170,196,513
La3N2F2,4.46,FALSE,189,186,506
La3N2I2,3.45,FALSE,157,165,447
La3N2O2,6.49,FALSE,221,209,572
La3N2P2,4.60,FALSE,180,197,529
La3N2S2,5.65,FALSE,176,201,541
La3N2Sb2,4.03,FALSE,171,186,516
La3N2Se2,4.70,FALSE,180,192,510
La3N2Te2,3.93,FALSE,168,177,468
La4C3,4.15,FALSE,160,98,188
La4C3As2,3.95,FALSE,149,120,238
La4C3Br2,4.04,TRUE,157,102,199
La4C3Cl2,4.47,FALSE,160,126,207
La4C3F2,4.57,TRUE,161,112,195
La4C3I2,3.57,FALSE,144,95,220
La4C3O2,5.78,FALSE,184,139,311
La4C3P2,4.05,FALSE,139,127,274
La4C3S2,5.33,FALSE,161,125,211
La4C3Sb2,3.95,FALSE,154,109,237
La4C3Se2,4.48,FALSE,155,120,203
La4C3Te2,3.99,FALSE,158,100,202
La4N3,4.24,FALSE,174,198,547
La4N3As2,4.16,FALSE,180,192,517
La4N3Br2,4.19,FALSE,175,183,512
La4N3Cl2,4.53,FALSE,176,197,522
La4N3F2,4.48,FALSE,188,189,518
La4N3I2,3.70,FALSE,161,173,469
La4N3O2,6.06,FALSE,218,209,568
La4N3P2,4.58,FALSE,182,198,533
La4N3S2,5.34,FALSE,179,200,536
La4N3Sb2,4.15,FALSE,176,189,524
La4N3Se2,4.69,FALSE,183,193,516
La4N3Te2,4.08,FALSE,174,183,490
La5C4,4.18,FALSE,163,96,185
La5C4As2,4.03,FALSE,152,115,228
La5C4Br2,4.07,TRUE,159,103,197
La5C4Cl2,4.46,FALSE,160,119,201
La5C4F2,4.52,TRUE,163,108,191
La5C4I2,3.70,FALSE,149,96,212
La5C4O2,5.52,FALSE,178,129,287
La5C4P2,4.09,FALSE,147,119,266
La5C4S2,5.17,FALSE,158,121,211
La5C4Sb2,4.09,FALSE,165,103,234
La5C4Se2,4.47,FALSE,162,119,232
La5C4Te2,4.06,FALSE,160,98,193
La5N4,4.30,FALSE,179,199,547
La5N4As2,4.23,FALSE,181,194,523
La5N4Br2,4.24,FALSE,175,187,518
La5N4Cl2,4.52,FALSE,176,198,527
La5N4F2,4.48,FALSE,186,191,523
La5N4I2,3.90,FALSE,165,178,483
La5N4O2,5.73,FALSE,211,208,566
La5N4P2,4.57,FALSE,185,198,536
La5N4S2,5.16,FALSE,182,200,537
La5N4Sb2,4.22,FALSE,178,191,528
La5N4Se2,4.66,FALSE,186,193,523
La5N4Te2,4.18,FALSE,178,186,503
Lu2C1,4.29,FALSE,154,128,256
Lu2C1As2,3.92,FALSE,143,113,251
Lu2C1Br2,3.82,FALSE,141,114,299
Lu2C1Cl2,4.36,FALSE,148,151,298
Lu2C1F2,3.43,FALSE,159,136,346
Lu2C1I2,3.47,FALSE,123,111,300
Lu2C1O2,6.12,FALSE,212,187,471
Lu2C1P2,4.87,FALSE,150,137,324
Lu2C1S2,6.06,FALSE,149,171,408
Lu2C1Sb2,4.14,FALSE,147,129,306
Lu2C1Se2,5.58,FALSE,147,154,307
Lu2C1Te2,4.25,FALSE,150,104,212
Lu2N1,4.64,FALSE,187,208,585
Lu2N1As2,4.11,FALSE,172,193,536
Lu2N1Br2,4.15,FALSE,177,172,521
Lu2N1Cl2,4.31,FALSE,181,199,545
Lu2N1F2,3.86,FALSE,181,193,548
Lu2N1I2,3.59,FALSE,150,156,419
Lu2N1O2,6.78,FALSE,240,220,592
Lu2N1P2,4.78,FALSE,169,206,559
Lu2N1S2,6.35,FALSE,174,210,560
Lu2N1Sb2,4.07,FALSE,160,192,541
Lu2N1Se2,5.42,FALSE,175,201,544
Lu2N1Te2,4.34,FALSE,176,179,504
Lu3C2,4.34,FALSE,149,109,268
Lu3C2As2,4.15,FALSE,150,109,231
Lu3C2Br2,4.01,FALSE,159,105,259
Lu3C2Cl2,4.38,FALSE,159,134,263
Lu3C2F2,3.62,FALSE,163,120,265
Lu3C2I2,3.74,FALSE,149,105,268
Lu3C2O2,5.78,FALSE,221,165,375
Lu3C2P2,4.86,FALSE,154,127,286
Lu3C2S2,5.63,FALSE,152,156,351
Lu3C2Sb2,4.23,FALSE,160,116,267
Lu3C2Se2,5.41,FALSE,157,140,273
Lu3C2Te2,4.34,FALSE,161,91,190
Lu3N2,4.86,FALSE,208,212,588
Lu3N2As2,4.42,FALSE,189,201,550
Lu3N2Br2,4.42,FALSE,209,183,537
Lu3N2Cl2,4.51,FALSE,211,202,558
Lu3N2F2,4.43,FALSE,215,200,559
Lu3N2I2,3.97,FALSE,190,171,465
Lu3N2O2,6.29,FALSE,270,217,595
Lu3N2P2,4.86,FALSE,187,209,568
Lu3N2S2,6.05,FALSE,197,210,566
Lu3N2Sb2,4.41,FALSE,182,199,555
Lu3N2Se2,5.38,FALSE,196,204,555
Lu3N2Te2,4.54,FALSE,197,190,525
Lu4C3,4.42,FALSE,150,106,249
Lu4C3As2,4.23,FALSE,151,117,230
Lu4C3Br2,4.11,FALSE,156,107,243
Lu4C3Cl2,4.40,FALSE,156,134,257
Lu4C3F2,3.80,FALSE,171,120,245
Lu4C3I2,3.92,FALSE,145,106,248
Lu4C3O2,5.53,FALSE,215,149,335
Lu4C3P2,4.85,FALSE,155,136,278
Lu4C3S2,5.34,FALSE,154,144,342
Lu4C3Sb2,4.30,FALSE,159,116,255
Lu4C3Se2,5.26,FALSE,154,135,267
Lu4C3Te2,4.39,FALSE,157,102,200
Lu4N3,4.95,FALSE,219,213,590
Lu4N3As2,4.58,FALSE,203,204,560
Lu4N3Br2,4.56,FALSE,220,190,551
Lu4N3Cl2,4.69,FALSE,217,206,564
Lu4N3F2,4.60,FALSE,234,205,568
Lu4N3I2,4.24,FALSE,200,182,490
Lu4N3O2,6.10,FALSE,279,216,595
Lu4N3P2,4.88,FALSE,194,212,576
Lu4N3S2,5.86,FALSE,204,211,573
Lu4N3Sb2,4.59,FALSE,194,203,564
Lu4N3Se2,5.35,FALSE,202,209,565
Lu4N3Te2,4.68,FALSE,200,195,542
Lu5C4,4.49,FALSE,153,107,234
Lu5C4As2,4.35,FALSE,157,110,219
Lu5C4Br2,4.21,FALSE,156,104,232
Lu5C4Cl2,4.47,FALSE,158,123,238
Lu5C4F2,3.96,FALSE,168,118,238
Lu5C4I2,4.04,FALSE,150,105,238
Lu5C4O2,5.40,FALSE,206,142,309
Lu5C4P2,4.84,FALSE,159,123,256
Lu5C4S2,5.21,FALSE,157,133,319
Lu5C4Sb2,4.37,FALSE,160,115,241
Lu5C4Se2,5.17,FALSE,158,126,246
Lu5C4Te2,4.44,FALSE,159,100,194
Lu5N4,5.00,FALSE,224,214,591
Lu5N4As2,4.68,FALSE,210,207,566
Lu5N4Br2,4.69,FALSE,217,194,559
Lu5N4Cl2,4.76,FALSE,221,208,570
Lu5N4F2,4.76,FALSE,231,207,571
Lu5N4I2,4.41,FALSE,203,189,508
Lu5N4O2,5.90,FALSE,273,216,595
Lu5N4P2,4.97,FALSE,206,212,577
Lu5N4S2,5.73,FALSE,209,212,577
Lu5N4Sb2,4.69,FALSE,203,206,569
Lu5N4Se2,5.32,FALSE,206,210,570
Lu5N4Te2,4.76,FALSE,207,198,552
Mn2C1,4.60,TRUE,148,91,268
Mn2C1As2,4.17,TRUE,159,87,239
Mn2C1Br2,4.14,TRUE,127,86,207
Mn2C1Cl2,4.96,TRUE,120,100,214
Mn2C1F2,5.41,TRUE,184,105,275
Mn2C1I2,3.19,TRUE,122,92,214
Mn2C1O2,6.60,FALSE,244,160,432
Mn2C1P2,4.09,FALSE,195,137,416
Mn2C1S2,5.35,FALSE,204,137,410
Mn2C1Sb2,3.74,TRUE,144,64,247
Mn2C1Se2,4.60,TRUE,173,87,226
Mn2C1Te2,3.71,TRUE,154,45,182
Mn2N1,5.01,FALSE,166,178,525
Mn2N1As2,4.46,FALSE,193,174,507
Mn2N1Br2,4.75,FALSE,153,163,493
Mn2N1Cl2,5.38,FALSE,153,170,507
Mn2N1F2,5.98,FALSE,185,139,499
Mn2N1I2,3.39,FALSE,139,128,363
Mn2N1O2,7.63,FALSE,238,188,557
Mn2N1P2,4.49,FALSE,231,171,523
Mn2N1S2,5.74,FALSE,200,174,526
Mn2N1Sb2,4.23,TRUE,160,160,487
Mn2N1Se2,5.21,TRUE,217,161,507
Mn2N1Te2,4.29,FALSE,190,133,461
Mn3C2,4.45,TRUE,140,90,229
Mn3C2As2,4.25,TRUE,173,85,221
Mn3C2Br2,4.67,TRUE,154,111,249
Mn3C2Cl2,4.64,TRUE,134,90,206
Mn3C2F2,5.22,TRUE,186,102,248
Mn3C2I2,3.50,TRUE,144,87,198
Mn3C2O2,7.63,FALSE,288,169,418
Mn3C2P2,4.25,FALSE,196,121,339
Mn3C2S2,5.12,FALSE,219,129,354
Mn3C2Sb2,4.03,TRUE,161,70,223
Mn3C2Se2,4.60,TRUE,179,82,220
Mn3C2Te2,3.92,TRUE,178,57,156
Mn3N2,5.01,TRUE,196,166,523
Mn3N2As2,4.44,FALSE,216,164,516
Mn3N2Br2,5.01,FALSE,198,175,509
Mn3N2Cl2,5.40,FALSE,190,177,518
Mn3N2F2,5.85,FALSE,231,160,526
Mn3N2I2,4.18,FALSE,186,162,421
Mn3N2O2,6.90,FALSE,300,197,558
Mn3N2P2,4.65,FALSE,244,177,531
Mn3N2S2,5.52,FALSE,243,181,541
Mn3N2Sb2,4.49,FALSE,174,152,499
Mn3N2Se2,5.03,TRUE,209,158,518
Mn3N2Te2,4.55,FALSE,207,143,479
Mn4C3,4.48,TRUE,157,89,213
Mn4C3As2,4.36,TRUE,178,87,209
Mn4C3Br2,4.63,TRUE,158,82,192
Mn4C3Cl2,4.59,TRUE,178,112,296
Mn4C3F2,5.18,TRUE,196,100,229
Mn4C3I2,3.70,TRUE,159,95,197
Mn4C3O2,6.94,FALSE,280,153,365
Mn4C3P2,4.32,FALSE,201,115,301
Mn4C3S2,4.98,FALSE,213,122,313
Mn4C3Sb2,4.16,TRUE,166,76,210
Mn4C3Se2,4.50,TRUE,193,101,241
Mn4C3Te2,4.02,TRUE,176,68,173
Mn4N3,5.10,FALSE,217,183,532
Mn4N3As2,4.61,FALSE,230,169,523
Mn4N3Br2,5.25,TRUE,202,171,516
Mn4N3Cl2,5.23,FALSE,214,177,525
Mn4N3F2,5.83,FALSE,242,169,530
Mn4N3I2,4.34,FALSE,188,162,448
Mn4N3O2,6.58,FALSE,297,196,557
Mn4N3P2,4.76,FALSE,251,180,535
Mn4N3S2,5.45,FALSE,237,182,536
Mn4N3Sb2,4.76,FALSE,197,163,510
Mn4N3Se2,5.08,FALSE,245,179,525
Mn4N3Te2,4.57,FALSE,219,153,498
Mn5C4,4.53,TRUE,170,90,203
Mn5C4As2,4.37,TRUE,187,88,202
Mn5C4Br2,4.43,TRUE,172,104,223
Mn5C4Cl2,4.57,TRUE,184,109,272
Mn5C4F2,5.09,TRUE,198,99,218
Mn5C4I2,3.86,TRUE,171,93,192
Mn5C4O2,6.56,FALSE,272,143,335
Mn5C4P2,4.44,TRUE,199,102,229
Mn5C4S2,4.93,FALSE,216,116,288
Mn5C4Sb2,4.08,TRUE,169,88,242
Mn5C4Se2,4.60,TRUE,198,88,201
Mn5C4Te2,4.06,TRUE,185,77,199
Mn5N4,5.13,FALSE,230,182,535
Mn5N4As2,4.72,FALSE,232,179,525
Mn5N4Br2,5.25,TRUE,211,174,521
Mn5N4Cl2,5.08,FALSE,229,180,528
Mn5N4F2,5.77,FALSE,257,175,534
Mn5N4I2,4.60,FALSE,187,165,482
Mn5N4O2,6.30,FALSE,283,195,555
Mn5N4P2,4.99,FALSE,234,188,541
Mn5N4S2,5.42,FALSE,236,185,543
Mn5N4Sb2,4.81,FALSE,207,169,516
Mn5N4Se2,5.11,FALSE,245,180,529
Mn5N4Te2,4.84,FALSE,218,160,504
Mo2C1,4.72,FALSE,126,101,228
Mo2C1As2,3.93,FALSE,175,96,237
Mo2C1Br2,3.88,FALSE,127,50,172
Mo2C1Cl2,4.36,FALSE,142,69,200
Mo2C1F2,4.16,FALSE,204,94,316
Mo2C1I2,3.19,FALSE,119,67,257
Mo2C1O2,7.79,FALSE,326,199,497
Mo2C1P2,4.89,FALSE,188,108,288
Mo2C1S2,5.65,FALSE,240,169,390
Mo2C1Sb2,3.89,FALSE,156,100,291
Mo2C1Se2,4.75,FALSE,219,155,320
Mo2C1Te2,3.95,FALSE,159,96,259
Mo2N1,4.86,FALSE,145,205,566
Mo2N1As2,4.45,FALSE,222,187,529
Mo2N1Br2,4.41,FALSE,165,124,471
Mo2N1Cl2,4.66,FALSE,166,177,485
Mo2N1F2,5.24,FALSE,215,164,502
Mo2N1I2,3.69,FALSE,148,132,391
Mo2N1O2,7.92,FALSE,329,216,591
Mo2N1P2,4.90,FALSE,251,199,555
Mo2N1S2,5.69,FALSE,254,203,567
Mo2N1Sb2,4.16,FALSE,161,186,528
Mo2N1Se2,5.17,FALSE,238,184,542
Mo2N1Te2,4.30,FALSE,177,186,519
Mo3C2,4.72,FALSE,134,80,168
Mo3C2As2,4.03,FALSE,171,130,286
Mo3C2Br2,4.18,FALSE,143,53,180
Mo3C2Cl2,4.74,FALSE,204,131,271
Mo3C2F2,5.61,FALSE,162,128,274
Mo3C2I2,3.48,FALSE,116,82,152
Mo3C2O2,7.19,FALSE,363,163,404
Mo3C2P2,4.56,FALSE,200,144,326
Mo3C2S2,5.45,FALSE,246,140,321
Mo3C2Sb2,4.13,FALSE,154,91,237
Mo3C2Se2,4.73,FALSE,211,130,273
Mo3C2Te2,3.87,FALSE,153,126,255
Mo3N2,4.91,FALSE,257,199,564
Mo3N2As2,4.72,FALSE,255,193,541
Mo3N2Br2,4.62,FALSE,184,166,503
Mo3N2Cl2,5.07,FALSE,190,191,526
Mo3N2F2,5.19,FALSE,219,186,545
Mo3N2I2,4.18,FALSE,174,151,463
Mo3N2O2,7.25,FALSE,371,214,587
Mo3N2P2,5.01,FALSE,282,201,560
Mo3N2S2,5.58,FALSE,295,207,570
Mo3N2Sb2,4.68,FALSE,176,197,549
Mo3N2Se2,5.19,FALSE,267,186,551
Mo3N2Te2,4.59,FALSE,203,196,541
Mo4C3,4.63,FALSE,149,91,223
Mo4C3As2,4.16,FALSE,190,121,257
Mo4C3Br2,4.27,TRUE,170,61,179
Mo4C3Cl2,4.75,FALSE,181,75,189
Mo4C3F2,5.37,FALSE,207,120,276
Mo4C3I2,3.69,FALSE,160,84,170
Mo4C3O2,6.62,FALSE,328,142,338
Mo4C3P2,4.60,FALSE,217,129,285
Mo4C3S2,5.32,FALSE,257,130,287
Mo4C3Sb2,4.16,FALSE,167,92,244
Mo4C3Se2,4.72,FALSE,237,123,247
Mo4C3Te2,4.13,FALSE,178,86,221
Mo4N3,4.99,FALSE,290,200,568
Mo4N3As2,4.85,FALSE,273,196,549
Mo4N3Br2,4.74,FALSE,222,177,528
Mo4N3Cl2,5.00,FALSE,218,205,545
Mo4N3F2,5.26,FALSE,273,194,556
Mo4N3I2,4.38,FALSE,197,163,494
Mo4N3O2,6.83,FALSE,388,212,586
Mo4N3P2,5.10,FALSE,336,206,568
Mo4N3S2,5.69,FALSE,278,208,574
Mo4N3Sb2,4.80,FALSE,179,198,556
Mo4N3Se2,5.23,FALSE,243,201,558
Mo4N3Te2,4.96,FALSE,203,200,550
Mo5C4,4.70,FALSE,167,85,177
Mo5C4As2,4.35,FALSE,194,87,191
Mo5C4Br2,4.46,FALSE,178,60,154
Mo5C4Cl2,4.85,FALSE,191,75,169
Mo5C4F2,5.40,FALSE,206,113,241
Mo5C4I2,3.96,FALSE,162,75,151
Mo5C4O2,6.26,FALSE,309,129,300
Mo5C4P2,4.80,FALSE,201,92,216
Mo5C4S2,5.21,FALSE,240,115,256
Mo5C4Sb2,4.36,FALSE,180,86,206
Mo5C4Se2,4.75,FALSE,227,111,227
Mo5C4Te2,4.27,FALSE,185,80,194
Mo5N4,5.42,FALSE,199,210,577
Mo5N4As2,5.02,FALSE,264,198,551
Mo5N4Br2,5.09,FALSE,230,181,536
Mo5N4Cl2,5.15,FALSE,240,205,552
Mo5N4F2,5.32,FALSE,303,196,561
Mo5N4I2,4.70,FALSE,226,175,512
Mo5N4O2,6.56,FALSE,397,211,585
Mo5N4P2,5.15,FALSE,356,207,570
Mo5N4S2,5.54,FALSE,292,209,575
Mo5N4Sb2,5.00,FALSE,210,200,560
Mo5N4Se2,5.26,FALSE,276,202,562
Mo5N4Te2,5.11,FALSE,246,204,557
Nb2C1,4.69,FALSE,121,109,244
Nb2C1As2,3.90,FALSE,156,112,252
Nb2C1Br2,3.81,TRUE,137,87,247
Nb2C1Cl2,4.32,FALSE,139,103,241
Nb2C1F2,3.80,FALSE,187,100,302
Nb2C1I2,3.30,FALSE,123,92,247
Nb2C1O2,6.03,FALSE,244,163,426
Nb2C1P2,4.72,FALSE,160,127,272
Nb2C1S2,6.23,FALSE,153,142,282
Nb2C1Sb2,3.95,FALSE,138,113,266
Nb2C1Se2,5.29,FALSE,152,128,271
Nb2C1Te2,4.01,FALSE,154,114,255
Nb2N1,4.54,FALSE,165,184,540
Nb2N1As2,4.06,FALSE,176,180,509
Nb2N1Br2,4.14,FALSE,165,141,497
Nb2N1Cl2,4.35,FALSE,165,180,501
Nb2N1F2,4.27,FALSE,191,183,503
Nb2N1I2,3.47,FALSE,149,140,375
Nb2N1O2,7.22,FALSE,302,215,578
Nb2N1P2,4.85,FALSE,179,187,531
Nb2N1S2,5.67,FALSE,225,197,551
Nb2N1Sb2,3.90,FALSE,162,178,504
Nb2N1Se2,5.31,FALSE,185,188,516
Nb2N1Te2,4.05,FALSE,177,186,494
Nb3C2,4.74,FALSE,141,104,220
Nb3C2As2,4.10,FALSE,166,108,236
Nb3C2Br2,3.74,FALSE,185,148,335
Nb3C2Cl2,4.32,FALSE,223,152,342
Nb3C2F2,4.74,FALSE,250,147,360
Nb3C2I2,3.66,FALSE,133,90,215
Nb3C2O2,5.64,FALSE,243,150,350
Nb3C2P2,4.68,FALSE,171,117,254
Nb3C2S2,5.80,FALSE,166,129,261
Nb3C2Sb2,4.17,FALSE,153,110,243
Nb3C2Se2,5.14,FALSE,168,116,242
Nb3C2Te2,4.17,FALSE,165,108,234
Nb3N2,4.69,FALSE,185,193,545
Nb3N2As2,4.36,FALSE,199,184,520
Nb3N2Br2,4.13,FALSE,190,159,517
Nb3N2Cl2,4.83,FALSE,212,181,528
Nb3N2F2,5.16,FALSE,289,192,548
Nb3N2I2,3.85,FALSE,179,153,444
Nb3N2O2,6.58,FALSE,327,210,572
Nb3N2P2,4.88,FALSE,197,189,536
Nb3N2S2,5.35,FALSE,242,199,551
Nb3N2Sb2,4.31,FALSE,181,186,518
Nb3N2Se2,4.89,FALSE,229,191,538
Nb3N2Te2,4.31,FALSE,214,194,512
Nb4C3,4.75,FALSE,151,105,211
Nb4C3As2,4.24,FALSE,159,108,230
Nb4C3Br2,3.97,FALSE,191,138,299
Nb4C3Cl2,4.40,FALSE,222,142,310
Nb4C3F2,4.70,FALSE,246,136,321
Nb4C3I2,3.78,FALSE,156,110,211
Nb4C3O2,5.47,FALSE,235,141,317
Nb4C3P2,4.71,FALSE,167,115,241
Nb4C3S2,5.44,FALSE,222,141,310
Nb4C3Sb2,4.30,FALSE,154,105,225
Nb4C3Se2,4.77,FALSE,195,137,300
Nb4C3Te2,4.04,FALSE,187,129,265
Nb4N3,4.71,FALSE,191,193,551
Nb4N3As2,4.44,FALSE,191,188,531
Nb4N3Br2,4.47,FALSE,205,167,524
Nb4N3Cl2,4.72,FALSE,196,193,533
Nb4N3F2,4.64,FALSE,235,191,539
Nb4N3I2,4.09,FALSE,188,159,455
Nb4N3O2,5.84,FALSE,305,207,566
Nb4N3P2,4.88,FALSE,202,192,540
Nb4N3S2,5.27,FALSE,233,199,555
Nb4N3Sb2,4.37,FALSE,181,189,528
Nb4N3Se2,4.87,FALSE,241,193,544
Nb4N3Te2,4.40,FALSE,197,194,522
Nb5C4,4.74,FALSE,160,104,208
Nb5C4As2,4.34,FALSE,174,106,218
Nb5C4Br2,4.13,FALSE,195,132,279
Nb5C4Cl2,4.48,FALSE,218,134,287
Nb5C4F2,4.70,FALSE,239,130,295
Nb5C4I2,3.99,FALSE,160,109,208
Nb5C4O2,5.33,FALSE,232,134,293
Nb5C4P2,4.72,FALSE,183,110,226
Nb5C4S2,5.34,FALSE,220,135,288
Nb5C4Sb2,4.40,FALSE,167,104,217
Nb5C4Se2,4.80,FALSE,205,131,279
Nb5C4Te2,4.20,FALSE,189,123,251
Nb5N4,4.76,FALSE,209,196,551
Nb5N4As2,4.54,FALSE,215,189,533
Nb5N4Br2,4.61,FALSE,221,174,529
Nb5N4Cl2,4.85,FALSE,218,191,538
Nb5N4F2,4.90,FALSE,230,192,545
Nb5N4I2,4.21,FALSE,198,166,470
Nb5N4O2,5.70,FALSE,288,205,565
Nb5N4P2,4.88,FALSE,217,194,543
Nb5N4S2,5.20,FALSE,234,199,555
Nb5N4Sb2,4.51,FALSE,201,192,532
Nb5N4Se2,4.89,FALSE,240,194,545
Nb5N4Te2,4.56,FALSE,233,195,527
Nd2C1,4.30,FALSE,143,111,220
Nd2C1As2,3.82,FALSE,137,144,255
Nd2C1Br2,4.03,FALSE,135,104,234
Nd2C1Cl2,4.57,FALSE,144,150,245
Nd2C1F2,4.56,FALSE,151,137,247
Nd2C1I2,3.25,FALSE,110,95,257
Nd2C1O2,6.92,FALSE,179,177,440
Nd2C1P2,4.14,FALSE,131,154,347
Nd2C1S2,5.79,FALSE,147,159,286
Nd2C1Sb2,3.80,FALSE,146,128,298
Nd2C1Se2,4.80,FALSE,147,148,236
Nd2C1Te2,3.97,FALSE,143,112,239
Nd2N1,4.43,FALSE,176,200,537
Nd2N1As2,3.90,FALSE,161,188,505
Nd2N1Br2,4.16,FALSE,163,169,472
Nd2N1Cl2,4.58,FALSE,166,196,494
Nd2N1F2,4.30,FALSE,173,180,482
Nd2N1I2,3.33,FALSE,139,151,401
Nd2N1O2,7.27,FALSE,216,207,569
Nd2N1P2,4.59,FALSE,163,199,530
Nd2N1S2,6.17,FALSE,166,201,518
Nd2N1Sb2,3.98,FALSE,157,187,513
Nd2N1Se2,4.94,FALSE,170,195,500
Nd2N1Te2,4.02,FALSE,167,170,455
Nd3C2,4.39,FALSE,158,100,189
Nd3C2As2,3.99,FALSE,141,129,249
Nd3C2Br2,4.14,FALSE,152,101,213
Nd3C2Cl2,4.58,FALSE,155,132,215
Nd3C2F2,4.72,FALSE,159,112,205
Nd3C2I2,3.52,FALSE,131,93,225
Nd3C2O2,6.43,FALSE,192,153,318
Nd3C2P2,4.62,FALSE,158,144,317
Nd3C2S2,5.30,FALSE,135,141,293
Nd3C2Sb2,3.99,FALSE,152,116,259
Nd3C2Se2,4.56,FALSE,149,128,199
Nd3C2Te2,4.08,FALSE,154,104,206
Nd3N2,4.44,FALSE,175,204,543
Nd3N2As2,4.12,FALSE,170,194,518
Nd3N2Br2,4.33,FALSE,172,180,497
Nd3N2Cl2,4.63,FALSE,175,199,512
Nd3N2F2,4.42,FALSE,188,191,509
Nd3N2I2,3.68,FALSE,156,170,442
Nd3N2O2,6.65,FALSE,234,211,572
Nd3N2P2,4.63,FALSE,178,201,535
Nd3N2S2,5.65,FALSE,188,204,535
Nd3N2Sb2,4.18,FALSE,167,195,523
Nd3N2Se2,4.91,FALSE,180,198,510
Nd3N2Te2,4.21,FALSE,178,184,482
Nd4C3,4.41,FALSE,154,95,177
Nd4C3As2,4.11,FALSE,147,120,235
Nd4C3Br2,4.21,FALSE,150,101,206
Nd4C3Cl2,4.56,FALSE,150,125,210
Nd4C3F2,4.69,FALSE,158,109,199
Nd4C3I2,3.73,FALSE,134,92,217
Nd4C3O2,6.05,FALSE,187,138,291
Nd4C3P2,4.61,FALSE,158,131,279
Nd4C3S2,5.22,FALSE,145,130,276
Nd4C3Sb2,4.10,FALSE,152,110,240
Nd4C3Se2,4.45,FALSE,147,121,201
Nd4C3Te2,4.18,FALSE,152,103,209
Nd4N3,4.53,FALSE,175,204,546
Nd4N3As2,4.25,FALSE,175,199,528
Nd4N3Br2,4.43,FALSE,175,186,510
Nd4N3Cl2,4.64,FALSE,177,201,521
Nd4N3F2,4.53,FALSE,192,194,518
Nd4N3I2,3.91,FALSE,161,179,468
Nd4N3O2,6.20,FALSE,229,210,570
Nd4N3P2,4.66,FALSE,179,205,541
Nd4N3S2,5.48,FALSE,188,205,532
Nd4N3Sb2,4.31,FALSE,172,198,530
Nd4N3Se2,4.91,FALSE,181,199,518
Nd4N3Te2,4.35,FALSE,180,190,500
Nd5C4,4.43,FALSE,155,94,176
Nd5C4As2,4.17,FALSE,147,116,233
Nd5C4Br2,4.28,FALSE,153,97,197
Nd5C4Cl2,4.55,FALSE,154,117,200
Nd5C4F2,4.66,FALSE,158,106,196
Nd5C4I2,3.88,FALSE,138,93,208
Nd5C4O2,5.77,FALSE,178,130,275
Nd5C4P2,4.58,FALSE,158,124,263
Nd5C4S2,5.10,FALSE,150,123,245
Nd5C4Sb2,4.18,FALSE,150,107,233
Nd5C4Se2,4.65,FALSE,159,119,207
Nd5C4Te2,4.24,FALSE,153,100,196
Nd5N4,4.57,FALSE,181,205,548
Nd5N4As2,4.34,FALSE,179,201,532
Nd5N4Br2,4.53,FALSE,176,190,517
Nd5N4Cl2,4.64,FALSE,180,203,527
Nd5N4F2,4.59,FALSE,192,196,525
Nd5N4I2,4.08,FALSE,166,184,483
Nd5N4O2,5.92,FALSE,226,209,567
Nd5N4P2,4.69,FALSE,183,205,542
Nd5N4S2,5.37,FALSE,189,205,534
Nd5N4Sb2,4.37,FALSE,175,200,535
Nd5N4Se2,4.91,FALSE,183,201,523
Nd5N4Te2,4.44,FALSE,184,193,509
Pa2C1,4.73,TRUE,162,118,206
Pa2C1As2,4.12,FALSE,150,143,294
Pa2C1Br2,4.14,FALSE,147,122,272
Pa2C1Cl2,4.51,FALSE,149,143,267
Pa2C1F2,4.07,FALSE,150,143,270
Pa2C1I2,3.57,FALSE,121,108,269
Pa2C1O2,6.78,FALSE,207,182,409
Pa2C1P2,4.66,FALSE,159,134,326
Pa2C1S2,6.21,FALSE,155,148,330
Pa2C1Sb2,4.44,FALSE,153,104,271
Pa2C1Se2,5.30,FALSE,151,132,278
Pa2C1Te2,4.21,FALSE,148,67,184
Pa2N1,5.05,FALSE,185,169,530
Pa2N1As2,4.26,FALSE,167,157,493
Pa2N1Br2,4.33,FALSE,177,170,499
Pa2N1Cl2,4.58,FALSE,181,187,520
Pa2N1F2,4.18,FALSE,179,175,494
Pa2N1I2,3.71,FALSE,153,145,394
Pa2N1O2,6.82,FALSE,234,195,568
Pa2N1P2,4.95,FALSE,173,177,529
Pa2N1S2,6.44,FALSE,173,187,527
Pa2N1Sb2,4.52,FALSE,175,161,498
Pa2N1Se2,5.39,FALSE,174,175,504
Pa2N1Te2,4.46,FALSE,170,134,443
Pa3C2,4.81,TRUE,161,112,202
Pa3C2As2,4.34,FALSE,147,103,235
Pa3C2Br2,4.32,FALSE,155,114,242
Pa3C2Cl2,4.67,FALSE,157,127,242
Pa3C2F2,4.39,FALSE,160,118,234
Pa3C2I2,3.85,FALSE,133,104,239
Pa3C2O2,6.06,FALSE,197,154,350
Pa3C2P2,5.13,FALSE,158,124,270
Pa3C2S2,6.13,FALSE,156,132,273
Pa3C2Sb2,4.56,FALSE,158,102,248
Pa3C2Se2,5.31,FALSE,157,123,251
Pa3C2Te2,4.41,FALSE,155,80,176
Pa3N2,5.18,FALSE,197,173,537
Pa3N2As2,4.81,FALSE,187,163,507
Pa3N2Br2,4.61,FALSE,195,177,513
Pa3N2Cl2,4.77,FALSE,197,184,527
Pa3N2F2,4.48,FALSE,206,188,522
Pa3N2I2,4.14,FALSE,185,158,437
Pa3N2O2,6.53,FALSE,249,200,559
Pa3N2P2,5.14,FALSE,195,182,534
Pa3N2S2,6.22,FALSE,193,188,531
Pa3N2Sb2,4.77,FALSE,179,176,516
Pa3N2Se2,5.52,FALSE,192,178,515
Pa3N2Te2,4.80,FALSE,189,148,475
Pa4C3,4.88,TRUE,163,108,196
Pa4C3As2,4.51,FALSE,151,103,223
Pa4C3Br2,4.47,TRUE,158,110,226
Pa4C3Cl2,4.71,FALSE,157,122,227
Pa4C3F2,4.50,FALSE,161,114,223
Pa4C3I2,4.08,FALSE,139,103,228
Pa4C3O2,5.87,FALSE,193,141,305
Pa4C3P2,4.86,FALSE,153,126,277
Pa4C3S2,5.93,FALSE,159,124,253
Pa4C3Sb2,4.52,FALSE,154,101,230
Pa4C3Se2,5.33,FALSE,157,117,232
Pa4C3Te2,4.51,FALSE,158,85,177
Pa4N3,5.25,FALSE,201,175,540
Pa4N3As2,4.90,FALSE,193,170,516
Pa4N3Br2,4.76,FALSE,202,180,522
Pa4N3Cl2,4.93,FALSE,199,188,531
Pa4N3F2,4.60,FALSE,207,187,530
Pa4N3I2,4.39,FALSE,192,166,461
Pa4N3O2,6.24,FALSE,253,198,558
Pa4N3P2,5.22,FALSE,194,182,531
Pa4N3S2,6.06,FALSE,196,189,535
Pa4N3Sb2,4.91,FALSE,188,174,522
Pa4N3Se2,5.50,FALSE,195,182,524
Pa4N3Te2,4.90,FALSE,194,158,489
Pa5C4,4.92,TRUE,162,104,193
Pa5C4As2,4.58,FALSE,154,102,219
Pa5C4Br2,4.55,TRUE,159,107,216
Pa5C4Cl2,4.73,FALSE,157,117,219
Pa5C4F2,4.56,FALSE,158,112,220
Pa5C4I2,4.24,FALSE,144,101,219
Pa5C4O2,5.65,FALSE,186,133,289
Pa5C4P2,4.88,FALSE,157,121,267
Pa5C4S2,5.75,FALSE,159,120,241
Pa5C4Sb2,4.61,FALSE,156,103,222
Pa5C4Se2,5.29,FALSE,157,113,222
Pa5C4Te2,4.60,FALSE,157,88,177
Pa5N4,5.29,FALSE,203,179,541
Pa5N4As2,4.96,FALSE,194,174,519
Pa5N4Br2,4.89,FALSE,202,182,523
Pa5N4Cl2,5.02,FALSE,202,189,533
Pa5N4F2,4.76,FALSE,208,189,531
Pa5N4I2,4.58,FALSE,194,171,474
Pa5N4O2,6.10,FALSE,243,196,552
Pa5N4P2,5.15,FALSE,197,183,532
Pa5N4S2,5.94,FALSE,199,190,538
Pa5N4Sb2,5.01,FALSE,192,176,525
Pa5N4Se2,5.49,FALSE,198,183,526
Pa5N4Te2,4.98,FALSE,196,164,496
Pr2C1,4.04,FALSE,147,110,225
Pr2C1As2,3.68,FALSE,133,144,275
Pr2C1Br2,3.88,TRUE,130,106,237
Pr2C1Cl2,4.59,FALSE,143,149,242
Pr2C1F2,4.71,FALSE,147,134,237
Pr2C1I2,3.15,FALSE,114,96,256
Pr2C1O2,6.78,FALSE,170,180,435
Pr2C1P2,4.12,FALSE,135,151,352
Pr2C1S2,5.82,FALSE,141,158,298
Pr2C1Sb2,3.68,FALSE,134,125,309
Pr2C1Se2,4.77,FALSE,140,147,239
Pr2C1Te2,3.77,FALSE,139,109,233
Pr2N1,4.23,FALSE,173,198,526
Pr2N1As2,3.77,FALSE,152,186,497
Pr2N1Br2,4.03,FALSE,157,168,469
Pr2N1Cl2,4.61,FALSE,160,194,492
Pr2N1F2,4.46,FALSE,173,178,473
Pr2N1I2,3.16,FALSE,135,149,404
Pr2N1O2,7.19,FALSE,194,208,564
Pr2N1P2,4.56,FALSE,157,196,525
Pr2N1S2,6.19,FALSE,159,201,518
Pr2N1Sb2,3.81,FALSE,147,186,505
Pr2N1Se2,4.91,FALSE,164,194,500
Pr2N1Te2,3.78,FALSE,157,166,433
Pr3C2,4.09,FALSE,157,102,194
Pr3C2As2,3.87,FALSE,137,129,255
Pr3C2Br2,4.00,FALSE,147,102,215
Pr3C2Cl2,4.56,FALSE,154,133,219
Pr3C2F2,4.74,FALSE,155,111,201
Pr3C2I2,3.41,FALSE,131,92,231
Pr3C2O2,6.26,FALSE,179,154,333
Pr3C2P2,4.52,FALSE,153,143,315
Pr3C2S2,5.20,FALSE,128,139,294
Pr3C2Sb2,3.83,FALSE,143,115,261
Pr3C2Se2,4.38,FALSE,137,130,231
Pr3C2Te2,3.89,FALSE,151,103,205
Pr3N2,4.22,FALSE,165,201,534
Pr3N2As2,3.97,FALSE,163,192,510
Pr3N2Br2,4.17,FALSE,166,179,492
Pr3N2Cl2,4.61,FALSE,166,198,509
Pr3N2F2,4.49,FALSE,182,188,506
Pr3N2I2,3.51,FALSE,153,167,441
Pr3N2O2,6.56,FALSE,213,211,567
Pr3N2P2,4.54,FALSE,171,199,530
Pr3N2S2,5.59,FALSE,174,202,533
Pr3N2Sb2,4.00,FALSE,158,192,514
Pr3N2Se2,4.81,FALSE,171,195,506
Pr3N2Te2,3.97,FALSE,167,183,466
Pr4C3,4.15,FALSE,153,98,182
Pr4C3As2,3.97,FALSE,144,120,239
Pr4C3Br2,4.06,FALSE,148,102,209
Pr4C3Cl2,4.52,FALSE,150,125,211
Pr4C3F2,4.65,FALSE,154,109,201
Pr4C3I2,3.60,FALSE,135,94,222
Pr4C3O2,5.85,FALSE,174,140,301
Pr4C3P2,4.05,FALSE,138,127,285
Pr4C3S2,5.46,FALSE,152,128,212
Pr4C3Sb2,3.96,FALSE,145,109,243
Pr4C3Se2,4.60,FALSE,158,126,220
Pr4C3Te2,3.99,FALSE,149,103,210
Pr4N3,4.30,FALSE,167,202,539
Pr4N3As2,4.10,FALSE,166,196,520
Pr4N3Br2,4.26,FALSE,168,185,505
Pr4N3Cl2,4.57,FALSE,168,199,518
Pr4N3F2,4.54,FALSE,182,191,515
Pr4N3I2,3.75,FALSE,157,175,465
Pr4N3O2,6.10,FALSE,204,209,564
Pr4N3P2,4.55,FALSE,174,201,534
Pr4N3S2,5.39,FALSE,173,202,528
Pr4N3Sb2,4.14,FALSE,163,195,522
Pr4N3Se2,4.78,FALSE,175,198,512
Pr4N3Te2,4.12,FALSE,170,188,487
Pr5C4,4.19,FALSE,155,96,180
Pr5C4As2,4.04,FALSE,147,115,227
Pr5C4Br2,4.13,FALSE,150,98,200
Pr5C4Cl2,4.49,FALSE,153,117,201
Pr5C4F2,4.60,FALSE,156,106,191
Pr5C4I2,3.73,FALSE,138,93,213
Pr5C4O2,5.58,FALSE,168,131,279
Pr5C4P2,4.07,FALSE,144,120,262
Pr5C4S2,5.20,FALSE,152,124,224
Pr5C4Sb2,4.02,FALSE,145,107,236
Pr5C4Se2,4.55,FALSE,156,119,212
Pr5C4Te2,4.06,FALSE,151,101,197
Pr5N4,4.35,FALSE,173,203,541
Pr5N4As2,4.19,FALSE,169,198,525
Pr5N4Br2,4.32,FALSE,169,189,512
Pr5N4Cl2,4.56,FALSE,169,200,523
Pr5N4F2,4.53,FALSE,181,194,519
Pr5N4I2,3.91,FALSE,158,181,479
Pr5N4O2,5.80,FALSE,197,209,561
Pr5N4P2,4.56,FALSE,176,202,536
Pr5N4S2,5.23,FALSE,175,203,532
Pr5N4Sb2,4.21,FALSE,167,197,527
Pr5N4Se2,4.76,FALSE,177,199,518
Pr5N4Te2,4.21,FALSE,172,192,499
Re2C1,4.03,FALSE,279,159,405
Re2C1As2,3.51,FALSE,205,150,373
Re2C1Br2,3.58,FALSE,138,127,293
Re2C1Cl2,4.51,FALSE,177,149,352
Re2C1F2,5.58,FALSE,212,152,403
Re2C1I2,2.95,FALSE,132,114,283
Re2C1O2,7.35,FALSE,308,209,507
Re2C1P2,4.28,FALSE,217,171,396
Re2C1S2,6.41,FALSE,179,142,327
Re2C1Sb2,3.56,FALSE,165,120,312
Re2C1Se2,5.25,FALSE,184,123,310
Re2C1Te2,3.78,FALSE,174,114,319
Re2N1,4.63,FALSE,148,213,570
Re2N1As2,3.98,FALSE,228,191,549
Re2N1Br2,4.59,FALSE,167,171,501
Re2N1Cl2,4.94,FALSE,181,194,527
Re2N1F2,5.37,FALSE,183,179,514
Re2N1I2,3.23,FALSE,156,153,385
Re2N1O2,7.60,FALSE,294,223,594
Re2N1P2,4.37,FALSE,180,199,568
Re2N1S2,6.57,FALSE,200,209,553
Re2N1Sb2,3.83,FALSE,173,194,540
Re2N1Se2,5.43,FALSE,201,201,550
Re2N1Te2,3.93,FALSE,186,185,527
Re3C2,4.16,FALSE,294,148,374
Re3C2As2,3.74,FALSE,225,138,327
Re3C2Br2,3.72,FALSE,164,124,260
Re3C2Cl2,4.29,FALSE,178,134,274
Re3C2F2,4.28,FALSE,201,136,304
Re3C2I2,3.28,FALSE,159,112,203
Re3C2O2,6.68,FALSE,349,183,449
Re3C2P2,4.08,FALSE,250,157,378
Re3C2S2,5.03,FALSE,256,148,367
Re3C2Sb2,3.76,FALSE,173,107,286
Re3C2Se2,4.43,FALSE,248,147,352
Re3C2Te2,3.87,FALSE,188,107,272
Re3N2,4.57,FALSE,287,206,573
Re3N2As2,4.20,FALSE,294,202,562
Re3N2Br2,4.48,FALSE,198,189,538
Re3N2Cl2,4.82,FALSE,187,204,551
Re3N2F2,4.70,FALSE,213,198,546
Re3N2I2,3.84,FALSE,180,162,484
Re3N2O2,6.88,FALSE,338,221,592
Re3N2P2,4.39,FALSE,304,207,576
Re3N2S2,5.13,FALSE,308,210,584
Re3N2Sb2,4.18,FALSE,183,194,551
Re3N2Se2,4.99,FALSE,212,201,563
Re3N2Te2,4.35,FALSE,211,189,543
Re4C3,4.23,FALSE,299,143,359
Re4C3As2,3.70,FALSE,238,130,287
Re4C3Br2,3.85,FALSE,189,120,235
Re4C3Cl2,4.22,FALSE,197,132,247
Re4C3F2,4.05,FALSE,220,123,260
Re4C3I2,3.54,FALSE,176,110,222
Re4C3O2,6.22,FALSE,338,168,416
Re4C3P2,4.18,FALSE,269,150,358
Re4C3S2,4.82,FALSE,259,141,331
Re4C3Sb2,3.83,FALSE,196,106,248
Re4C3Se2,4.76,FALSE,204,104,227
Re4C3Te2,3.85,FALSE,200,111,239
Re4N3,4.62,FALSE,314,207,575
Re4N3As2,4.31,FALSE,212,202,565
Re4N3Br2,4.70,FALSE,208,194,551
Re4N3Cl2,4.93,FALSE,212,206,563
Re4N3F2,4.77,FALSE,227,207,560
Re4N3I2,4.24,FALSE,195,183,506
Re4N3O2,5.94,FALSE,335,214,581
Re4N3P2,4.86,FALSE,231,202,568
Re4N3S2,5.48,FALSE,235,212,572
Re4N3Sb2,4.31,FALSE,197,204,565
Re4N3Se2,5.10,FALSE,218,204,568
Re4N3Te2,4.55,FALSE,214,197,555
Re5C4,4.28,FALSE,302,138,348
Re5C4As2,3.87,FALSE,243,127,278
Re5C4Br2,4.00,FALSE,201,112,226
Re5C4Cl2,4.26,FALSE,204,128,238
Re5C4F2,4.15,FALSE,225,119,247
Re5C4I2,3.72,FALSE,193,107,205
Re5C4O2,5.93,FALSE,335,161,400
Re5C4P2,4.23,FALSE,279,145,347
Re5C4S2,5.02,FALSE,249,138,312
Re5C4Sb2,3.97,FALSE,199,110,246
Re5C4Se2,4.79,FALSE,219,105,219
Re5C4Te2,4.03,FALSE,216,100,227
Re5N4,4.64,FALSE,334,209,577
Re5N4As2,4.45,FALSE,281,205,563
Re5N4Br2,4.73,FALSE,233,206,558
Re5N4Cl2,4.86,FALSE,235,213,567
Re5N4F2,4.88,FALSE,281,205,564
Re5N4I2,4.37,FALSE,218,191,525
Re5N4O2,5.79,FALSE,358,216,583
Re5N4P2,4.55,FALSE,355,211,580
Re5N4S2,5.41,FALSE,258,218,576
Re5N4Sb2,4.67,FALSE,203,207,570
Re5N4Se2,5.12,FALSE,224,211,573
Re5N4Te2,4.62,FALSE,225,204,563
Sc2C1,3.96,TRUE,120,99,244
Sc2C1As2,3.76,TRUE,137,72,237
Sc2C1Br2,3.48,TRUE,134,106,261
Sc2C1Cl2,3.91,TRUE,134,114,256
Sc2C1F2,3.32,FALSE,161,112,338
Sc2C1I2,3.28,FALSE,120,107,267
Sc2C1O2,5.88,FALSE,200,180,452
Sc2C1P2,4.48,FALSE,143,105,273
Sc2C1S2,6.28,FALSE,153,143,366
Sc2C1Sb2,3.95,TRUE,129,67,249
Sc2C1Se2,5.39,FALSE,145,96,273
Sc2C1Te2,4.13,FALSE,147,31,180
Sc2N1,4.65,FALSE,174,165,546
Sc2N1As2,4.24,FALSE,169,161,516
Sc2N1Br2,3.90,FALSE,176,160,512
Sc2N1Cl2,4.15,FALSE,178,177,527
Sc2N1F2,4.55,FALSE,197,163,530
Sc2N1I2,3.44,FALSE,158,144,397
Sc2N1O2,6.62,FALSE,235,195,573
Sc2N1P2,4.75,FALSE,165,190,541
Sc2N1S2,6.22,FALSE,184,183,542
Sc2N1Sb2,4.04,FALSE,166,152,510
Sc2N1Se2,5.36,FALSE,177,166,527
Sc2N1Te2,4.20,FALSE,180,125,491
Sc3C2,4.39,TRUE,127,95,229
Sc3C2As2,3.93,TRUE,147,75,216
Sc3C2Br2,3.72,TRUE,150,102,235
Sc3C2Cl2,4.06,TRUE,152,103,232
Sc3C2F2,3.43,FALSE,155,111,253
Sc3C2I2,3.45,FALSE,131,103,236
Sc3C2O2,5.56,FALSE,212,150,359
Sc3C2P2,4.52,TRUE,150,98,251
Sc3C2S2,5.84,FALSE,153,124,333
Sc3C2Sb2,4.09,TRUE,138,77,238
Sc3C2Se2,5.20,TRUE,152,91,257
Sc3C2Te2,4.32,FALSE,150,46,173
Sc3N2,4.70,FALSE,201,171,555
Sc3N2As2,4.47,FALSE,198,166,529
Sc3N2Br2,4.21,FALSE,207,168,525
Sc3N2Cl2,4.34,FALSE,210,177,534
Sc3N2F2,4.77,FALSE,228,169,541
Sc3N2I2,3.85,FALSE,185,159,437
Sc3N2O2,6.20,FALSE,277,189,574
Sc3N2P2,4.78,FALSE,192,184,546
Sc3N2S2,5.82,FALSE,208,183,548
Sc3N2Sb2,4.33,FALSE,187,163,525
Sc3N2Se2,5.20,FALSE,195,175,535
Sc3N2Te2,4.44,FALSE,203,145,512
Sc4C3,4.37,TRUE,137,95,219
Sc4C3As2,4.02,TRUE,146,80,221
Sc4C3Br2,3.85,TRUE,154,97,219
Sc4C3Cl2,4.08,TRUE,156,100,223
Sc4C3F2,3.60,FALSE,163,108,243
Sc4C3I2,3.74,TRUE,137,100,223
Sc4C3O2,5.28,FALSE,188,140,329
Sc4C3P2,4.48,TRUE,155,97,240
Sc4C3S2,5.54,TRUE,153,119,309
Sc4C3Sb2,4.17,TRUE,142,80,224
Sc4C3Se2,5.03,TRUE,152,91,242
Sc4C3Te2,4.27,TRUE,146,56,189
Sc4N3,4.82,FALSE,213,172,557
Sc4N3As2,4.62,FALSE,207,168,536
Sc4N3Br2,4.44,FALSE,228,174,534
Sc4N3Cl2,4.54,FALSE,231,178,540
Sc4N3F2,4.85,FALSE,254,170,547
Sc4N3I2,4.18,FALSE,206,163,466
Sc4N3O2,6.03,FALSE,290,185,573
Sc4N3P2,4.86,FALSE,204,181,550
Sc4N3S2,5.65,FALSE,217,182,552
Sc4N3Sb2,4.54,FALSE,196,165,532
Sc4N3Se2,5.15,FALSE,203,174,542
Sc4N3Te2,4.60,FALSE,207,155,524
Sc5C4,4.39,TRUE,143,94,211
Sc5C4As2,4.08,TRUE,151,82,210
Sc5C4Br2,3.95,TRUE,156,97,215
Sc5C4Cl2,4.15,TRUE,158,99,217
Sc5C4F2,3.76,TRUE,163,106,232
Sc5C4I2,3.88,TRUE,142,98,215
Sc5C4O2,5.18,TRUE,185,133,305
Sc5C4P2,4.46,TRUE,155,96,231
Sc5C4S2,5.37,TRUE,154,116,288
Sc5C4Sb2,4.16,TRUE,143,83,224
Sc5C4Se2,4.92,TRUE,155,91,233
Sc5C4Te2,4.33,TRUE,154,62,184
Sc5N4,4.89,FALSE,219,174,559
Sc5N4As2,4.69,FALSE,213,170,542
Sc5N4Br2,4.55,FALSE,225,176,540
Sc5N4Cl2,4.67,FALSE,225,178,544
Sc5N4F2,4.92,FALSE,246,171,552
Sc5N4I2,4.34,FALSE,203,166,482
Sc5N4O2,5.87,FALSE,283,184,571
Sc5N4P2,4.90,FALSE,211,181,553
Sc5N4S2,5.56,FALSE,219,182,553
Sc5N4Sb2,4.64,FALSE,205,168,538
Sc5N4Se2,5.13,FALSE,211,175,546
Sc5N4Te2,4.67,FALSE,212,160,532
Sm2C1,4.01,FALSE,155,115,220
Sm2C1As2,3.71,FALSE,141,138,239
Sm2C1Br2,3.98,FALSE,140,111,249
Sm2C1Cl2,4.56,FALSE,148,150,252
Sm2C1F2,4.50,FALSE,154,142,265
Sm2C1I2,3.19,FALSE,113,99,262
Sm2C1O2,6.84,FALSE,183,181,434
Sm2C1P2,4.60,FALSE,141,159,286
Sm2C1S2,6.00,FALSE,148,161,320
Sm2C1Sb2,3.66,FALSE,145,127,294
Sm2C1Se2,4.79,FALSE,154,146,269
Sm2C1Te2,3.83,FALSE,148,107,237
Sm2N1,4.25,FALSE,179,196,535
Sm2N1As2,3.80,FALSE,158,180,500
Sm2N1Br2,4.12,FALSE,159,170,477
Sm2N1Cl2,4.56,FALSE,174,192,495
Sm2N1F2,4.03,FALSE,172,181,485
Sm2N1I2,3.22,FALSE,140,151,395
Sm2N1O2,7.12,FALSE,220,202,567
Sm2N1P2,4.53,FALSE,160,194,529
Sm2N1S2,6.13,FALSE,172,198,516
Sm2N1Sb2,3.87,FALSE,156,180,513
Sm2N1Se2,4.97,FALSE,166,190,500
Sm2N1Te2,3.91,FALSE,171,158,458
Sm3C2,4.09,FALSE,161,105,200
Sm3C2As2,3.90,FALSE,144,126,232
Sm3C2Br2,4.05,FALSE,154,107,216
Sm3C2Cl2,4.52,FALSE,158,132,219
Sm3C2F2,4.39,FALSE,165,117,212
Sm3C2I2,3.42,FALSE,133,99,231
Sm3C2O2,6.24,FALSE,200,160,323
Sm3C2P2,4.62,FALSE,159,140,312
Sm3C2S2,5.39,FALSE,141,143,310
Sm3C2Sb2,3.85,FALSE,153,115,252
Sm3C2Se2,4.53,FALSE,158,130,261
Sm3C2Te2,3.95,FALSE,160,103,199
Sm3N2,4.28,FALSE,184,198,543
Sm3N2As2,3.99,FALSE,172,188,516
Sm3N2Br2,4.23,FALSE,173,181,498
Sm3N2Cl2,4.48,FALSE,183,197,511
Sm3N2F2,4.07,FALSE,193,191,508
Sm3N2I2,3.56,FALSE,158,168,440
Sm3N2O2,6.47,FALSE,245,206,570
Sm3N2P2,4.56,FALSE,172,197,535
Sm3N2S2,5.69,FALSE,185,199,530
Sm3N2Sb2,4.05,FALSE,171,189,523
Sm3N2Se2,4.99,FALSE,181,192,512
Sm3N2Te2,4.14,FALSE,181,176,487
Sm4C3,4.15,FALSE,161,100,187
Sm4C3As2,4.00,FALSE,150,119,227
Sm4C3Br2,4.05,FALSE,155,105,211
Sm4C3Cl2,4.45,FALSE,156,127,219
Sm4C3F2,4.47,FALSE,160,114,211
Sm4C3I2,3.60,FALSE,139,99,223
Sm4C3O2,5.87,FALSE,195,143,290
Sm4C3P2,4.55,FALSE,153,132,293
Sm4C3S2,5.16,FALSE,151,134,284
Sm4C3Sb2,4.05,FALSE,158,107,255
Sm4C3Se2,4.31,FALSE,152,122,209
Sm4C3Te2,4.05,FALSE,159,102,196
Sm4N3,4.37,FALSE,184,200,545
Sm4N3As2,4.13,FALSE,181,192,525
Sm4N3Br2,4.32,FALSE,178,187,509
Sm4N3Cl2,4.52,FALSE,186,198,522
Sm4N3F2,4.19,FALSE,197,194,517
Sm4N3I2,3.85,FALSE,164,177,464
Sm4N3O2,6.00,FALSE,242,207,568
Sm4N3P2,4.57,FALSE,177,200,541
Sm4N3S2,5.54,FALSE,192,200,533
Sm4N3Sb2,4.16,FALSE,178,193,530
Sm4N3Se2,4.93,FALSE,186,195,522
Sm4N3Te2,4.27,FALSE,186,182,501
Sm5C4,4.19,FALSE,160,99,185
Sm5C4As2,4.05,FALSE,151,116,225
Sm5C4Br2,4.14,FALSE,157,102,202
Sm5C4Cl2,4.45,FALSE,160,119,203
Sm5C4F2,4.47,FALSE,162,110,205
Sm5C4I2,3.74,FALSE,144,98,213
Sm5C4O2,5.60,FALSE,188,134,273
Sm5C4P2,4.52,FALSE,159,123,263
Sm5C4S2,4.96,FALSE,156,127,252
Sm5C4Sb2,4.10,FALSE,154,107,250
Sm5C4Se2,4.31,FALSE,154,116,200
Sm5C4Te2,4.08,FALSE,157,102,197
Sm5N4,4.40,FALSE,187,200,546
Sm5N4As2,4.22,FALSE,180,195,530
Sm5N4Br2,4.36,FALSE,183,189,517
Sm5N4Cl2,4.50,FALSE,187,199,527
Sm5N4F2,4.24,FALSE,197,195,526
Sm5N4I2,3.99,FALSE,172,181,480
Sm5N4O2,5.70,FALSE,234,207,566
Sm5N4P2,4.59,FALSE,182,200,543
Sm5N4S2,5.39,FALSE,196,201,537
Sm5N4Sb2,4.23,FALSE,182,195,533
Sm5N4Se2,4.89,FALSE,189,197,527
Sm5N4Te2,4.31,FALSE,189,186,510
Ta2C1,4.06,FALSE,140,123,260
Ta2C1As2,3.50,FALSE,163,126,298
Ta2C1Br2,3.29,FALSE,150,102,278
Ta2C1Cl2,3.77,FALSE,153,126,281
Ta2C1F2,3.30,FALSE,192,115,346
Ta2C1I2,2.94,FALSE,127,108,267
Ta2C1O2,5.62,FALSE,259,169,468
Ta2C1P2,4.16,FALSE,169,138,307
Ta2C1S2,5.47,FALSE,157,156,326
Ta2C1Sb2,3.61,FALSE,154,126,301
Ta2C1Se2,4.66,FALSE,162,141,315
Ta2C1Te2,3.63,FALSE,165,133,327
Ta2N1,4.13,FALSE,198,197,554
Ta2N1As2,3.78,FALSE,187,189,526
Ta2N1Br2,3.71,FALSE,181,153,516
Ta2N1Cl2,3.87,FALSE,178,192,530
Ta2N1F2,4.83,FALSE,263,198,568
Ta2N1I2,3.20,FALSE,158,150,392
Ta2N1O2,6.52,FALSE,318,219,595
Ta2N1P2,4.35,FALSE,186,197,545
Ta2N1S2,5.25,FALSE,238,202,575
Ta2N1Sb2,3.59,FALSE,179,190,522
Ta2N1Se2,4.80,FALSE,189,198,539
Ta2N1Te2,3.77,FALSE,188,196,520
Ta3C2,4.09,FALSE,151,119,239
Ta3C2As2,3.65,FALSE,179,121,265
Ta3C2Br2,3.24,FALSE,209,161,365
Ta3C2Cl2,3.73,FALSE,240,163,375
Ta3C2F2,4.25,FALSE,273,156,385
Ta3C2I2,3.22,FALSE,143,104,231
Ta3C2O2,5.17,FALSE,255,152,370
Ta3C2P2,4.11,FALSE,185,129,278
Ta3C2S2,5.13,FALSE,177,142,299
Ta3C2Sb2,3.76,FALSE,164,123,272
Ta3C2Se2,4.50,FALSE,177,131,280
Ta3C2Te2,3.68,FALSE,176,125,289
Ta3N2,4.31,FALSE,221,201,555
Ta3N2As2,4.07,FALSE,219,194,535
Ta3N2Br2,3.85,FALSE,246,190,557
Ta3N2Cl2,4.07,FALSE,265,199,566
Ta3N2F2,4.64,FALSE,305,201,567
Ta3N2I2,3.43,FALSE,189,163,453
Ta3N2O2,5.97,FALSE,349,216,586
Ta3N2P2,4.48,FALSE,217,199,549
Ta3N2S2,5.02,FALSE,257,204,574
Ta3N2Sb2,4.02,FALSE,213,197,529
Ta3N2Se2,4.50,FALSE,249,200,566
Ta3N2Te2,3.95,FALSE,235,204,537
Ta4C3,4.13,FALSE,163,119,230
Ta4C3As2,3.74,FALSE,179,120,255
Ta4C3Br2,3.44,FALSE,212,151,328
Ta4C3Cl2,3.80,FALSE,239,151,335
Ta4C3F2,4.20,FALSE,265,146,343
Ta4C3I2,3.31,FALSE,175,125,233
Ta4C3O2,4.97,FALSE,246,149,338
Ta4C3P2,4.12,FALSE,190,126,261
Ta4C3S2,4.84,FALSE,233,152,342
Ta4C3Sb2,3.84,FALSE,162,120,257
Ta4C3Se2,4.18,FALSE,211,148,333
Ta4C3Te2,3.57,FALSE,199,142,310
Ta4N3,4.30,FALSE,219,204,565
Ta4N3As2,4.14,FALSE,217,197,542
Ta4N3Br2,4.04,FALSE,226,182,542
Ta4N3Cl2,4.18,FALSE,273,203,569
Ta4N3F2,4.59,FALSE,328,201,566
Ta4N3I2,3.68,FALSE,207,169,464
Ta4N3O2,5.61,FALSE,351,214,581
Ta4N3P2,4.47,FALSE,232,202,552
Ta4N3S2,4.90,FALSE,255,204,572
Ta4N3Sb2,4.11,FALSE,222,199,538
Ta4N3Se2,4.46,FALSE,264,201,569
Ta4N3Te2,4.08,FALSE,254,204,545
Ta5C4,4.12,FALSE,176,116,223
Ta5C4As2,3.82,FALSE,188,118,244
Ta5C4Br2,3.57,FALSE,213,144,305
Ta5C4Cl2,3.86,FALSE,233,144,311
Ta5C4F2,4.18,FALSE,257,139,317
Ta5C4I2,3.48,FALSE,179,123,227
Ta5C4O2,4.83,FALSE,244,142,311
Ta5C4P2,4.13,FALSE,194,123,250
Ta5C4S2,4.71,FALSE,235,144,313
Ta5C4Sb2,3.90,FALSE,178,116,240
Ta5C4Se2,4.17,FALSE,219,140,307
Ta5C4Te2,3.84,FALSE,186,117,257
Ta5N4,4.40,FALSE,241,204,562
Ta5N4As2,4.26,FALSE,235,198,545
Ta5N4Br2,4.15,FALSE,267,198,558
Ta5N4Cl2,4.29,FALSE,259,202,567
Ta5N4F2,4.57,FALSE,339,202,565
Ta5N4I2,3.91,FALSE,249,180,484
Ta5N4O2,5.41,FALSE,352,213,577
Ta5N4P2,4.51,FALSE,240,202,553
Ta5N4S2,4.82,FALSE,251,205,571
Ta5N4Sb2,4.18,FALSE,234,201,543
Ta5N4Se2,4.48,FALSE,267,203,567
Ta5N4Te2,4.20,FALSE,266,204,547
Tb2C1,4.01,FALSE,159,113,191
Tb2C1As2,3.66,FALSE,138,129,223
Tb2C1Br2,3.96,FALSE,134,112,240
Tb2C1Cl2,4.57,FALSE,149,145,243
Tb2C1F2,3.97,FALSE,153,142,270
Tb2C1I2,3.21,FALSE,112,102,258
Tb2C1O2,6.68,FALSE,182,182,435
Tb2C1P2,4.80,FALSE,141,155,324
Tb2C1S2,6.00,FALSE,146,164,355
Tb2C1Sb2,3.87,FALSE,147,117,316
Tb2C1Se2,4.90,FALSE,150,144,321
Tb2C1Te2,3.87,FALSE,154,89,225
Tb2N1,4.33,FALSE,180,194,535
Tb2N1As2,3.84,FALSE,158,175,499
Tb2N1Br2,4.23,FALSE,163,168,469
Tb2N1Cl2,4.56,FALSE,177,191,492
Tb2N1F2,3.86,FALSE,177,179,494
Tb2N1I2,3.29,FALSE,143,151,390
Tb2N1O2,7.02,FALSE,230,196,565
Tb2N1P2,4.75,FALSE,163,193,527
Tb2N1S2,6.23,FALSE,176,196,516
Tb2N1Sb2,3.88,FALSE,154,172,513
Tb2N1Se2,5.24,FALSE,171,187,500
Tb2N1Te2,4.02,FALSE,173,150,469
Tb3C2,4.06,FALSE,150,101,216
Tb3C2As2,3.95,FALSE,146,113,217
Tb3C2Br2,3.98,FALSE,152,107,206
Tb3C2Cl2,4.48,FALSE,156,130,209
Tb3C2F2,3.89,FALSE,165,121,218
Tb3C2I2,3.44,FALSE,131,104,231
Tb3C2O2,6.07,FALSE,206,162,332
Tb3C2P2,4.73,FALSE,159,137,302
Tb3C2S2,5.53,FALSE,145,146,315
Tb3C2Sb2,3.98,FALSE,154,109,278
Tb3C2Se2,4.65,FALSE,157,129,264
Tb3C2Te2,4.02,FALSE,157,95,197
Tb3N2,4.43,FALSE,193,195,545
Tb3N2As2,4.07,FALSE,176,184,515
Tb3N2Br2,4.35,FALSE,183,178,490
Tb3N2Cl2,4.54,FALSE,196,194,511
Tb3N2F2,4.05,FALSE,196,192,512
Tb3N2I2,3.72,FALSE,167,165,434
Tb3N2O2,6.26,FALSE,262,203,568
Tb3N2P2,4.74,FALSE,175,195,535
Tb3N2S2,5.96,FALSE,193,198,530
Tb3N2Sb2,4.10,FALSE,170,181,525
Tb3N2Se2,5.20,FALSE,187,193,519
Tb3N2Te2,4.26,FALSE,184,166,494
Tb4C3,4.14,FALSE,154,100,200
Tb4C3As2,4.04,FALSE,150,110,212
Tb4C3Br2,4.01,FALSE,151,104,202
Tb4C3Cl2,4.40,FALSE,153,125,215
Tb4C3F2,4.02,FALSE,162,117,213
Tb4C3I2,3.62,FALSE,137,101,222
Tb4C3O2,5.73,FALSE,199,146,296
Tb4C3P2,4.65,FALSE,155,127,266
Tb4C3S2,5.23,FALSE,151,136,273
Tb4C3Sb2,4.06,FALSE,153,109,255
Tb4C3Se2,4.38,FALSE,153,121,221
Tb4C3Te2,4.11,FALSE,158,99,197
Tb4N3,4.51,FALSE,194,196,548
Tb4N3As2,4.20,FALSE,184,189,525
Tb4N3Br2,4.40,FALSE,185,185,505
Tb4N3Cl2,4.57,FALSE,196,197,520
Tb4N3F2,4.20,FALSE,199,196,522
Tb4N3I2,3.97,FALSE,174,174,461
Tb4N3O2,5.87,FALSE,261,204,565
Tb4N3P2,4.73,FALSE,181,197,541
Tb4N3S2,5.69,FALSE,191,200,536
Tb4N3Sb2,4.24,FALSE,178,186,533
Tb4N3Se2,5.10,FALSE,189,196,528
Tb4N3Te2,4.35,FALSE,184,174,509
Tb5C4,4.18,FALSE,156,100,196
Tb5C4As2,4.09,FALSE,150,112,217
Tb5C4Br2,4.06,FALSE,153,103,195
Tb5C4Cl2,4.42,FALSE,156,116,195
Tb5C4F2,4.12,FALSE,163,113,200
Tb5C4I2,3.77,FALSE,141,100,211
Tb5C4O2,5.51,FALSE,190,138,273
Tb5C4P2,4.59,FALSE,156,123,257
Tb5C4S2,4.98,FALSE,153,129,267
Tb5C4Sb2,4.12,FALSE,155,107,244
Tb5C4Se2,4.49,FALSE,157,103,198
Tb5C4Te2,4.14,FALSE,159,97,193
Tb5N4,4.54,FALSE,196,198,550
Tb5N4As2,4.29,FALSE,189,192,531
Tb5N4Br2,4.46,FALSE,186,189,514
Tb5N4Cl2,4.59,FALSE,196,197,527
Tb5N4F2,4.31,FALSE,197,197,527
Tb5N4I2,4.09,FALSE,178,180,479
Tb5N4O2,5.63,FALSE,253,204,564
Tb5N4P2,4.72,FALSE,187,199,544
Tb5N4S2,5.50,FALSE,194,201,542
Tb5N4Sb2,4.31,FALSE,183,189,538
Tb5N4Se2,5.03,FALSE,190,197,535
Tb5N4Te2,4.41,FALSE,188,179,518
Th2C1,4.10,FALSE,162,101,202
Th2C1As2,3.73,FALSE,137,123,270
Th2C1Br2,3.97,TRUE,135,111,245
Th2C1Cl2,4.58,FALSE,146,140,251
Th2C1F2,4.52,FALSE,155,122,234
Th2C1I2,3.19,FALSE,113,97,254
Th2C1O2,6.88,FALSE,193,179,389
Th2C1P2,4.12,FALSE,154,140,312
Th2C1S2,5.99,FALSE,157,148,266
Th2C1Sb2,3.72,FALSE,144,117,289
Th2C1Se2,4.73,FALSE,162,131,222
Th2C1Te2,3.73,FALSE,155,82,170
Th2N1,4.40,FALSE,180,164,505
Th2N1As2,3.83,FALSE,162,161,479
Th2N1Br2,4.15,FALSE,162,162,463
Th2N1Cl2,4.61,FALSE,168,179,483
Th2N1F2,4.33,FALSE,178,172,461
Th2N1I2,3.24,FALSE,148,141,384
Th2N1O2,7.10,FALSE,211,191,554
Th2N1P2,4.33,FALSE,173,178,514
Th2N1S2,6.17,FALSE,170,185,506
Th2N1Sb2,3.91,FALSE,155,161,485
Th2N1Se2,4.98,FALSE,173,173,485
Th2N1Te2,3.89,FALSE,173,137,424
Th3C2,4.20,TRUE,170,96,182
Th3C2As2,3.90,FALSE,145,114,241
Th3C2Br2,4.07,TRUE,153,109,201
Th3C2Cl2,4.52,FALSE,155,125,207
Th3C2F2,4.67,FALSE,163,109,185
Th3C2I2,3.42,FALSE,137,96,218
Th3C2O2,6.35,FALSE,187,154,331
Th3C2P2,4.52,FALSE,163,124,240
Th3C2S2,5.81,FALSE,163,133,231
Th3C2Sb2,3.85,FALSE,152,110,249
Th3C2Se2,4.77,FALSE,164,124,207
Th3C2Te2,3.90,FALSE,161,90,173
Th3N2,4.51,FALSE,189,170,513
Th3N2As2,4.05,FALSE,177,167,490
Th3N2Br2,4.29,FALSE,180,168,479
Th3N2Cl2,4.66,FALSE,185,180,496
Th3N2F2,4.47,FALSE,193,177,496
Th3N2I2,3.61,FALSE,169,154,426
Th3N2O2,6.50,FALSE,219,195,549
Th3N2P2,4.57,FALSE,179,182,524
Th3N2S2,5.71,FALSE,191,185,515
Th3N2Sb2,4.15,FALSE,177,168,491
Th3N2Se2,4.95,FALSE,183,176,495
Th3N2Te2,4.12,FALSE,182,149,450
Th4C3,4.27,TRUE,167,95,176
Th4C3As2,4.02,FALSE,151,106,228
Th4C3Br2,4.11,TRUE,158,104,185
Th4C3Cl2,4.46,FALSE,161,115,193
Th4C3F2,4.57,TRUE,166,103,179
Th4C3I2,3.63,FALSE,145,95,203
Th4C3O2,5.91,FALSE,185,141,292
Th4C3P2,4.47,FALSE,164,121,256
Th4C3S2,5.45,FALSE,163,124,223
Th4C3Sb2,3.96,FALSE,154,105,227
Th4C3Se2,4.68,FALSE,163,117,202
Th4C3Te2,4.02,FALSE,160,91,168
Th4N3,4.56,FALSE,191,174,517
Th4N3As2,4.19,FALSE,183,171,499
Th4N3Br2,4.39,FALSE,185,172,487
Th4N3Cl2,4.69,FALSE,188,181,501
Th4N3F2,4.53,FALSE,198,179,499
Th4N3I2,3.87,FALSE,177,160,447
Th4N3O2,6.15,FALSE,216,191,543
Th4N3P2,4.56,FALSE,185,183,527
Th4N3S2,5.50,FALSE,191,184,515
Th4N3Sb2,4.25,FALSE,177,172,498
Th4N3Se2,4.93,FALSE,187,176,500
Th4N3Te2,4.29,FALSE,187,157,464
Th5C4,4.28,TRUE,164,95,177
Th5C4As2,4.09,FALSE,157,104,217
Th5C4Br2,4.18,TRUE,159,103,184
Th5C4Cl2,4.48,FALSE,161,113,189
Th5C4F2,4.54,TRUE,167,101,176
Th5C4I2,3.78,FALSE,148,94,196
Th5C4O2,5.64,FALSE,180,132,269
Th5C4P2,4.29,FALSE,162,117,237
Th5C4S2,5.25,FALSE,163,119,214
Th5C4Sb2,4.04,FALSE,157,103,215
Th5C4Se2,4.62,FALSE,163,113,196
Th5C4Te2,4.09,FALSE,161,91,166
Th5N4,4.61,FALSE,196,175,519
Th5N4As2,4.30,FALSE,190,173,502
Th5N4Br2,4.45,FALSE,193,174,492
Th5N4Cl2,4.69,FALSE,194,181,505
Th5N4F2,4.56,FALSE,201,179,506
Th5N4I2,4.02,FALSE,181,164,462
Th5N4O2,5.91,FALSE,214,189,540
Th5N4P2,4.59,FALSE,181,182,528
Th5N4S2,5.39,FALSE,192,183,513
Th5N4Sb2,4.35,FALSE,184,174,503
Th5N4Se2,4.91,FALSE,189,178,504
Th5N4Te2,4.38,FALSE,188,161,475
Ti2C1,4.87,FALSE,139,96,240
Ti2C1As2,4.23,FALSE,159,69,219
Ti2C1Br2,3.99,TRUE,154,111,249
Ti2C1Cl2,4.81,FALSE,151,107,233
Ti2C1F2,5.06,FALSE,188,102,302
Ti2C1I2,3.26,FALSE,136,106,261
Ti2C1O2,6.46,FALSE,245,149,403
Ti2C1P2,5.18,FALSE,174,104,265
Ti2C1S2,6.59,FALSE,159,112,271
Ti2C1Sb2,4.07,FALSE,152,54,185
Ti2C1Se2,5.56,FALSE,167,76,222
Ti2C1Te2,4.14,FALSE,162,27,113
Ti2N1,5.16,FALSE,183,154,516
Ti2N1As2,4.61,FALSE,186,158,474
Ti2N1Br2,4.47,FALSE,188,168,491
Ti2N1Cl2,5.07,FALSE,187,165,495
Ti2N1F2,5.88,FALSE,204,134,502
Ti2N1I2,3.68,FALSE,167,142,402
Ti2N1O2,7.58,FALSE,251,169,557
Ti2N1P2,5.53,FALSE,203,175,521
Ti2N1S2,6.55,FALSE,196,165,516
Ti2N1Sb2,4.31,FALSE,179,148,442
Ti2N1Se2,5.88,FALSE,202,156,489
Ti2N1Te2,4.37,FALSE,193,126,391
Ti3C2,4.96,FALSE,147,95,221
Ti3C2As2,4.45,FALSE,178,74,212
Ti3C2Br2,4.32,TRUE,170,102,222
Ti3C2Cl2,5.04,FALSE,165,88,211
Ti3C2F2,4.98,FALSE,203,101,251
Ti3C2I2,3.75,FALSE,157,102,231
Ti3C2O2,6.00,FALSE,232,134,332
Ti3C2P2,5.16,FALSE,184,100,246
Ti3C2S2,6.01,FALSE,179,101,257
Ti3C2Sb2,4.34,FALSE,161,63,191
Ti3C2Se2,5.27,FALSE,184,76,211
Ti3C2Te2,4.29,FALSE,174,40,128
Ti3N2,5.30,FALSE,213,159,519
Ti3N2As2,4.85,FALSE,222,163,494
Ti3N2Br2,4.94,FALSE,213,168,498
Ti3N2Cl2,5.42,FALSE,198,163,500
Ti3N2F2,6.00,FALSE,269,158,523
Ti3N2I2,4.33,FALSE,195,153,454
Ti3N2O2,6.94,FALSE,278,169,558
Ti3N2P2,5.48,FALSE,235,168,527
Ti3N2S2,6.17,FALSE,228,160,523
Ti3N2Sb2,4.79,FALSE,200,153,464
Ti3N2Se2,5.81,FALSE,230,159,501
Ti3N2Te2,4.94,FALSE,220,142,431
Ti4C3,4.98,FALSE,161,95,208
Ti4C3As2,4.57,FALSE,182,78,206
Ti4C3Br2,4.49,TRUE,181,98,211
Ti4C3Cl2,5.10,FALSE,176,92,204
Ti4C3F2,4.95,FALSE,209,102,236
Ti4C3I2,4.06,FALSE,171,101,215
Ti4C3O2,5.77,FALSE,223,127,299
Ti4C3P2,5.12,FALSE,186,98,231
Ti4C3S2,5.73,FALSE,184,100,240
Ti4C3Sb2,4.51,FALSE,169,70,192
Ti4C3Se2,5.19,FALSE,189,81,205
Ti4C3Te2,4.42,FALSE,177,51,143
Ti4N3,5.35,FALSE,227,162,531
Ti4N3As2,4.99,FALSE,230,165,504
Ti4N3Br2,5.10,FALSE,227,172,514
Ti4N3Cl2,5.40,FALSE,223,168,516
Ti4N3F2,5.85,FALSE,262,155,530
Ti4N3I2,4.60,FALSE,214,159,467
Ti4N3O2,6.62,FALSE,270,170,556
Ti4N3P2,5.49,FALSE,235,172,529
Ti4N3S2,5.92,FALSE,251,161,529
Ti4N3Sb2,4.94,FALSE,214,157,490
Ti4N3Se2,5.70,FALSE,247,161,513
Ti4N3Te2,5.04,FALSE,228,149,459
Ti5C4,4.99,FALSE,172,96,202
Ti5C4As2,4.64,FALSE,183,81,202
Ti5C4Br2,4.63,TRUE,187,98,203
Ti5C4Cl2,5.10,FALSE,182,96,201
Ti5C4F2,4.96,FALSE,209,101,226
Ti5C4I2,4.23,FALSE,176,99,210
Ti5C4O2,5.62,FALSE,220,120,277
Ti5C4P2,5.10,FALSE,188,97,222
Ti5C4S2,5.57,FALSE,188,101,232
Ti5C4Sb2,4.61,FALSE,176,74,189
Ti5C4Se2,5.16,FALSE,192,83,201
Ti5C4Te2,4.53,FALSE,182,60,151
Ti5N4,5.45,FALSE,238,163,528
Ti5N4As2,5.13,FALSE,235,164,510
Ti5N4Br2,5.24,FALSE,247,168,519
Ti5N4Cl2,5.28,FALSE,257,161,527
Ti5N4F2,5.76,FALSE,257,160,531
Ti5N4I2,4.76,FALSE,244,158,480
Ti5N4O2,6.45,FALSE,276,167,553
Ti5N4P2,5.51,FALSE,245,170,532
Ti5N4S2,5.82,FALSE,259,161,531
Ti5N4Sb2,5.05,FALSE,232,155,501
Ti5N4Se2,5.64,FALSE,265,160,519
Ti5N4Te2,5.18,FALSE,249,149,473
Tm2C1,4.66,FALSE,164,133,230
Tm2C1As2,4.11,FALSE,143,106,243
Tm2C1Br2,3.96,FALSE,143,125,274
Tm2C1Cl2,4.47,FALSE,152,150,279
Tm2C1F2,3.63,FALSE,161,141,312
Tm2C1I2,3.52,FALSE,121,117,283
Tm2C1O2,6.48,FALSE,209,186,451
Tm2C1P2,5.07,FALSE,146,143,301
Tm2C1S2,6.17,FALSE,147,163,404
Tm2C1Sb2,4.33,FALSE,146,112,302
Tm2C1Se2,5.70,FALSE,150,139,287
Tm2C1Te2,4.42,FALSE,154,80,215
Tm2N1,4.83,FALSE,188,194,547
Tm2N1As2,4.18,FALSE,167,163,514
Tm2N1Br2,4.18,FALSE,179,176,501
Tm2N1Cl2,4.33,FALSE,188,193,524
Tm2N1F2,3.70,FALSE,184,182,526
Tm2N1I2,3.60,FALSE,152,157,402
Tm2N1O2,6.89,FALSE,242,201,575
Tm2N1P2,4.92,FALSE,170,194,540
Tm2N1S2,6.39,FALSE,173,197,541
Tm2N1Sb2,4.26,FALSE,162,172,521
Tm2N1Se2,5.51,FALSE,178,188,524
Tm2N1Te2,4.41,FALSE,178,150,482
Tm3C2,4.61,TRUE,158,109,250
Tm3C2As2,4.35,FALSE,149,104,223
Tm3C2Br2,4.11,FALSE,159,117,244
Tm3C2Cl2,4.50,FALSE,162,133,248
Tm3C2F2,3.79,FALSE,165,126,246
Tm3C2I2,3.84,FALSE,141,111,255
Tm3C2O2,6.02,FALSE,220,169,358
Tm3C2P2,5.08,FALSE,152,126,267
Tm3C2S2,5.78,FALSE,150,150,342
Tm3C2Sb2,4.46,FALSE,158,110,264
Tm3C2Se2,5.56,FALSE,162,131,261
Tm3C2Te2,4.59,FALSE,161,77,191
Tm3N2,4.99,FALSE,204,197,555
Tm3N2As2,4.47,FALSE,187,175,526
Tm3N2Br2,4.38,FALSE,204,185,513
Tm3N2Cl2,4.51,FALSE,211,198,536
Tm3N2F2,4.22,FALSE,208,194,535
Tm3N2I2,4.06,FALSE,183,168,444
Tm3N2O2,6.40,FALSE,267,202,575
Tm3N2P2,5.02,FALSE,185,196,546
Tm3N2S2,6.19,FALSE,198,201,547
Tm3N2Sb2,4.57,FALSE,180,180,533
Tm3N2Se2,5.46,FALSE,197,195,535
Tm3N2Te2,4.59,FALSE,194,163,503
Tm4C3,4.68,TRUE,158,108,232
Tm4C3As2,4.45,FALSE,153,110,220
Tm4C3Br2,4.21,FALSE,158,116,231
Tm4C3Cl2,4.51,FALSE,160,132,239
Tm4C3F2,4.00,FALSE,169,123,230
Tm4C3I2,4.04,FALSE,145,111,238
Tm4C3O2,5.78,FALSE,212,156,320
Tm4C3P2,5.07,FALSE,156,135,269
Tm4C3S2,5.47,FALSE,158,139,324
Tm4C3Sb2,4.55,FALSE,158,113,243
Tm4C3Se2,5.42,FALSE,158,126,248
Tm4C3Te2,4.63,FALSE,160,90,190
Tm4N3,5.08,FALSE,209,198,557
Tm4N3As2,4.65,FALSE,196,181,535
Tm4N3Br2,4.60,FALSE,205,190,524
Tm4N3Cl2,4.70,FALSE,210,199,539
Tm4N3F2,4.52,FALSE,215,196,539
Tm4N3I2,4.28,FALSE,193,178,469
Tm4N3O2,6.18,FALSE,271,200,573
Tm4N3P2,5.07,FALSE,193,198,551
Tm4N3S2,5.98,FALSE,200,202,551
Tm4N3Sb2,4.72,FALSE,189,185,540
Tm4N3Se2,5.43,FALSE,196,195,543
Tm4N3Te2,4.73,FALSE,195,170,517
Tm5C4,4.74,TRUE,160,111,222
Tm5C4As2,4.57,FALSE,155,103,213
Tm5C4Br2,4.32,FALSE,159,114,224
Tm5C4Cl2,4.60,FALSE,161,124,225
Tm5C4F2,4.18,FALSE,168,119,221
Tm5C4I2,4.18,FALSE,150,110,232
Tm5C4O2,5.64,FALSE,203,145,296
Tm5C4P2,5.05,FALSE,156,124,249
Tm5C4S2,5.33,FALSE,158,133,298
Tm5C4Sb2,4.61,FALSE,157,113,238
Tm5C4Se2,5.33,FALSE,161,123,235
Tm5C4Te2,4.68,FALSE,160,93,196
Tm5N4,5.12,FALSE,211,199,558
Tm5N4As2,4.78,FALSE,201,185,539
Tm5N4Br2,4.72,FALSE,206,193,531
Tm5N4Cl2,4.81,FALSE,209,198,543
Tm5N4F2,4.65,FALSE,215,196,545
Tm5N4I2,4.47,FALSE,194,183,485
Tm5N4O2,6.00,FALSE,263,201,571
Tm5N4P2,5.12,FALSE,200,198,553
Tm5N4S2,5.84,FALSE,203,201,553
Tm5N4Sb2,4.83,FALSE,195,188,543
Tm5N4Se2,5.40,FALSE,200,197,547
Tm5N4Te2,4.83,FALSE,199,176,526
U2C1,4.31,FALSE,137,125,192
U2C1As2,3.95,FALSE,145,107,262
U2C1Br2,3.91,FALSE,142,111,240
U2C1Cl2,4.47,FALSE,147,133,236
U2C1F2,4.05,FALSE,153,129,226
U2C1I2,3.31,FALSE,120,107,233
U2C1O2,6.25,FALSE,220,181,382
U2C1P2,4.61,FALSE,148,144,324
U2C1S2,6.22,FALSE,156,146,286
U2C1Sb2,3.81,FALSE,154,134,299
U2C1Se2,5.17,FALSE,161,129,247
U2C1Te2,3.95,FALSE,155,74,155
U2N1,4.71,FALSE,178,164,502
U2N1As2,4.05,FALSE,161,167,482
U2N1Br2,4.33,FALSE,167,164,485
U2N1Cl2,4.71,FALSE,175,181,503
U2N1F2,4.32,FALSE,182,178,503
U2N1I2,3.47,FALSE,142,145,381
U2N1O2,6.66,FALSE,238,198,552
U2N1P2,4.91,FALSE,160,180,521
U2N1S2,6.48,FALSE,172,187,515
U2N1Sb2,4.16,FALSE,173,166,478
U2N1Se2,5.34,FALSE,181,177,489
U2N1Te2,4.26,FALSE,174,143,427
U3C2,4.43,FALSE,156,118,180
U3C2As2,3.99,FALSE,161,114,247
U3C2Br2,3.91,FALSE,154,111,221
U3C2Cl2,4.37,FALSE,157,125,215
U3C2F2,4.12,FALSE,164,111,197
U3C2I2,3.64,FALSE,130,102,216
U3C2O2,5.73,FALSE,218,157,327
U3C2P2,4.87,FALSE,162,117,249
U3C2S2,6.04,FALSE,164,127,252
U3C2Sb2,4.02,FALSE,162,124,260
U3C2Se2,5.21,FALSE,169,111,210
U3C2Te2,4.21,FALSE,161,78,160
U3N2,4.76,FALSE,186,170,517
U3N2As2,4.33,FALSE,186,174,502
U3N2Br2,4.48,FALSE,183,173,502
U3N2Cl2,4.77,FALSE,191,181,512
U3N2F2,4.52,FALSE,190,180,486
U3N2I2,3.93,FALSE,173,157,424
U3N2O2,6.33,FALSE,252,202,548
U3N2P2,4.96,FALSE,184,182,525
U3N2S2,6.17,FALSE,197,188,530
U3N2Sb2,4.39,FALSE,181,171,495
U3N2Se2,5.42,FALSE,192,177,501
U3N2Te2,4.54,FALSE,185,154,459
U4C3,4.51,FALSE,162,112,176
U4C3As2,4.13,FALSE,159,110,227
U4C3Br2,4.12,FALSE,156,105,205
U4C3Cl2,4.44,FALSE,159,120,204
U4C3F2,4.25,FALSE,168,108,189
U4C3I2,3.87,FALSE,147,100,206
U4C3O2,5.51,FALSE,209,142,282
U4C3P2,4.64,FALSE,160,127,274
U4C3S2,5.81,FALSE,165,120,232
U4C3Sb2,4.32,FALSE,167,97,216
U4C3Se2,5.23,FALSE,165,113,210
U4C3Te2,4.34,FALSE,167,79,156
U4N3,4.84,FALSE,193,175,523
U4N3As2,4.63,FALSE,189,172,499
U4N3Br2,4.57,FALSE,185,177,511
U4N3Cl2,4.83,FALSE,192,182,517
U4N3F2,4.57,FALSE,198,184,516
U4N3I2,4.23,FALSE,182,164,455
U4N3O2,6.01,FALSE,249,199,548
U4N3P2,5.03,FALSE,190,180,518
U4N3S2,5.95,FALSE,191,186,524
U4N3Sb2,4.53,FALSE,186,177,511
U4N3Se2,5.38,FALSE,194,180,509
U4N3Te2,4.63,FALSE,191,162,475
U5C4,4.57,FALSE,166,106,173
U5C4As2,4.24,FALSE,163,106,216
U5C4Br2,4.23,FALSE,161,102,195
U5C4Cl2,4.47,FALSE,163,116,196
U5C4F2,4.34,FALSE,169,104,186
U5C4I2,4.02,FALSE,152,99,203
U5C4O2,5.34,FALSE,203,133,259
U5C4P2,4.66,FALSE,163,121,254
U5C4S2,5.70,FALSE,163,118,225
U5C4Sb2,4.40,FALSE,169,95,207
U5C4Se2,5.15,FALSE,167,109,202
U5C4Te2,4.41,FALSE,167,81,154
U5N4,4.88,FALSE,198,177,527
U5N4As2,4.70,FALSE,193,174,505
U5N4Br2,4.66,FALSE,191,179,504
U5N4Cl2,4.86,FALSE,195,183,521
U5N4F2,4.70,FALSE,194,180,505
U5N4I2,4.31,FALSE,184,169,464
U5N4O2,5.86,FALSE,233,197,542
U5N4P2,5.03,FALSE,194,181,522
U5N4S2,5.78,FALSE,196,187,528
U5N4Sb2,4.62,FALSE,185,177,515
U5N4Se2,5.32,FALSE,196,180,514
U5N4Te2,4.65,FALSE,190,165,486
V2C1,4.63,FALSE,136,118,308
V2C1As2,4.16,FALSE,171,105,256
V2C1Br2,4.05,TRUE,131,73,217
V2C1Cl2,4.85,FALSE,118,75,249
V2C1F2,5.00,FALSE,185,113,305
V2C1I2,3.21,FALSE,122,81,223
V2C1O2,6.45,FALSE,264,169,472
V2C1P2,4.58,FALSE,179,127,302
V2C1S2,5.29,FALSE,173,138,282
V2C1Sb2,3.79,FALSE,146,99,289
V2C1Se2,4.78,FALSE,180,93,240
V2C1Te2,3.75,FALSE,163,75,235
V2N1,4.83,FALSE,179,189,553
V2N1As2,4.30,FALSE,195,186,525
V2N1Br2,4.46,TRUE,164,151,480
V2N1Cl2,4.90,FALSE,145,177,511
V2N1F2,5.34,FALSE,193,178,506
V2N1I2,3.50,FALSE,156,130,364
V2N1O2,7.39,FALSE,278,211,571
V2N1P2,4.83,FALSE,198,201,546
V2N1S2,5.42,FALSE,206,189,542
V2N1Sb2,4.08,FALSE,168,174,516
V2N1Se2,5.12,FALSE,213,180,523
V2N1Te2,4.22,FALSE,194,174,508
V3C2,4.54,FALSE,138,111,254
V3C2As2,4.29,FALSE,183,104,239
V3C2Br2,4.35,TRUE,151,81,210
V3C2Cl2,4.87,TRUE,127,92,212
V3C2F2,5.84,FALSE,253,148,370
V3C2I2,3.67,FALSE,152,84,209
V3C2O2,5.94,FALSE,258,151,374
V3C2P2,4.63,FALSE,185,119,270
V3C2S2,5.10,FALSE,183,130,265
V3C2Sb2,4.09,FALSE,164,101,256
V3C2Se2,4.73,FALSE,185,92,228
V3C2Te2,4.03,FALSE,185,80,223
V3N2,4.85,FALSE,201,195,554
V3N2As2,4.52,FALSE,209,192,537
V3N2Br2,4.59,FALSE,196,175,517
V3N2Cl2,4.93,FALSE,184,183,533
V3N2F2,5.89,FALSE,282,194,540
V3N2I2,4.05,FALSE,181,157,432
V3N2O2,6.66,FALSE,310,208,574
V3N2P2,4.75,FALSE,214,201,551
V3N2S2,5.23,FALSE,253,195,563
V3N2Sb2,4.46,FALSE,181,183,531
V3N2Se2,4.74,FALSE,246,184,548
V3N2Te2,4.54,FALSE,214,184,522
V4C3,4.59,FALSE,157,114,239
V4C3As2,4.37,FALSE,184,107,234
V4C3Br2,4.59,TRUE,172,86,203
V4C3Cl2,4.43,FALSE,160,99,208
V4C3F2,5.07,FALSE,213,114,232
V4C3I2,3.84,FALSE,166,89,206
V4C3O2,5.62,FALSE,256,143,348
V4C3P2,4.63,FALSE,192,119,255
V4C3S2,4.91,FALSE,197,133,259
V4C3Sb2,4.21,FALSE,167,102,241
V4C3Se2,4.62,FALSE,201,96,218
V4C3Te2,4.19,FALSE,195,88,218
V4N3,4.89,FALSE,229,193,557
V4N3As2,4.61,FALSE,214,191,543
V4N3Br2,4.94,FALSE,225,180,525
V4N3Cl2,4.91,FALSE,213,184,537
V4N3F2,5.31,FALSE,257,191,544
V4N3I2,4.19,FALSE,208,164,470
V4N3O2,6.31,FALSE,317,207,574
V4N3P2,4.83,FALSE,227,199,554
V4N3S2,5.14,FALSE,246,197,566
V4N3Sb2,4.52,FALSE,206,187,537
V4N3Se2,5.02,FALSE,234,189,541
V4N3Te2,4.61,FALSE,227,186,531
V5C4,4.57,FALSE,177,111,223
V5C4As2,4.41,FALSE,197,106,220
V5C4Br2,4.58,TRUE,183,91,199
V5C4Cl2,4.45,FALSE,215,127,294
V5C4F2,4.98,FALSE,213,119,226
V5C4I2,3.91,FALSE,178,104,207
V5C4O2,5.41,FALSE,245,134,307
V5C4P2,4.60,FALSE,198,114,241
V5C4S2,4.86,FALSE,207,122,239
V5C4Sb2,4.30,FALSE,178,103,231
V5C4Se2,4.62,FALSE,207,99,214
V5C4Te2,4.27,FALSE,203,92,212
V5N4,4.90,FALSE,239,196,559
V5N4As2,4.71,FALSE,232,195,545
V5N4Br2,4.94,FALSE,242,185,532
V5N4Cl2,4.89,FALSE,235,188,542
V5N4F2,5.30,FALSE,270,194,547
V5N4I2,4.38,FALSE,217,172,492
V5N4O2,6.06,FALSE,309,207,571
V5N4P2,4.90,FALSE,231,200,554
V5N4S2,5.12,FALSE,260,199,564
V5N4Sb2,4.65,FALSE,228,191,541
V5N4Se2,4.83,FALSE,262,193,554
V5N4Te2,4.68,FALSE,247,190,537
W2C1,4.58,FALSE,236,133,326
W2C1As2,3.84,FALSE,195,119,272
W2C1Br2,4.24,TRUE,162,102,244
W2C1Cl2,4.86,FALSE,170,120,238
W2C1F2,4.73,FALSE,211,147,336
W2C1I2,3.35,FALSE,162,104,301
W2C1O2,7.79,FALSE,361,211,527
W2C1P2,4.92,FALSE,194,138,305
W2C1S2,5.63,FALSE,260,176,439
W2C1Sb2,3.89,FALSE,171,129,332
W2C1Se2,4.74,FALSE,232,169,365
W2C1Te2,4.10,FALSE,196,133,338
W2N1,5.00,FALSE,325,215,596
W2N1As2,4.40,FALSE,224,195,556
W2N1Br2,4.97,FALSE,191,163,510
W2N1Cl2,5.25,FALSE,176,202,528
W2N1F2,5.37,FALSE,211,194,518
W2N1I2,3.92,FALSE,166,159,419
W2N1O2,8.06,FALSE,370,224,616
W2N1P2,4.87,FALSE,273,205,579
W2N1S2,5.72,FALSE,276,211,595
W2N1Sb2,4.14,FALSE,187,200,553
W2N1Se2,5.30,FALSE,249,199,577
W2N1Te2,4.52,FALSE,214,199,554
W3C2,4.52,FALSE,178,109,184
W3C2As2,3.84,FALSE,183,147,303
W3C2Br2,4.46,FALSE,128,119,200
W3C2Cl2,4.95,FALSE,137,142,272
W3C2F2,6.04,FALSE,236,138,261
W3C2I2,3.54,FALSE,145,111,168
W3C2O2,7.11,FALSE,411,178,472
W3C2P2,4.82,FALSE,197,124,272
W3C2S2,5.40,FALSE,276,152,360
W3C2Sb2,4.06,FALSE,166,116,261
W3C2Se2,4.67,FALSE,227,150,310
W3C2Te2,3.82,FALSE,178,141,310
W3N2,5.05,FALSE,399,217,602
W3N2As2,4.61,FALSE,356,208,576
W3N2Br2,4.90,FALSE,202,190,546
W3N2Cl2,5.34,FALSE,204,207,549
W3N2F2,5.19,FALSE,236,202,563
W3N2I2,3.98,FALSE,168,179,469
W3N2O2,7.38,FALSE,421,226,614
W3N2P2,4.95,FALSE,336,210,586
W3N2S2,5.57,FALSE,345,214,597
W3N2Sb2,4.68,FALSE,220,210,569
W3N2Se2,5.29,FALSE,298,201,584
W3N2Te2,4.92,FALSE,266,209,568
W4C3,4.50,FALSE,173,114,237
W4C3As2,4.09,FALSE,213,117,240
W4C3Br2,4.45,FALSE,167,125,232
W4C3Cl2,4.83,FALSE,189,139,293
W4C3F2,5.58,FALSE,230,141,296
W4C3I2,3.72,FALSE,198,110,193
W4C3O2,6.54,FALSE,385,158,373
W4C3P2,4.53,FALSE,238,143,301
W4C3S2,5.26,FALSE,282,147,328
W4C3Sb2,4.09,FALSE,192,118,283
W4C3Se2,4.65,FALSE,256,144,288
W4C3Te2,4.17,FALSE,213,112,266
W4N3,5.10,FALSE,423,218,604
W4N3As2,4.87,FALSE,271,207,576
W4N3Br2,5.11,FALSE,237,197,555
W4N3Cl2,5.32,FALSE,253,211,572
W4N3F2,5.60,FALSE,303,209,580
W4N3I2,4.65,FALSE,213,184,515
W4N3O2,6.94,FALSE,441,225,612
W4N3P2,5.22,FALSE,303,214,589
W4N3S2,6.16,FALSE,290,217,585
W4N3Sb2,4.88,FALSE,193,210,578
W4N3Se2,5.60,FALSE,301,212,579
W4N3Te2,5.06,FALSE,246,212,578
W5C4,4.52,FALSE,180,108,189
W5C4As2,4.22,FALSE,215,107,204
W5C4Br2,4.56,FALSE,178,104,181
W5C4Cl2,4.76,FALSE,193,128,241
W5C4F2,5.49,FALSE,225,130,243
W5C4I2,3.87,FALSE,183,103,157
W5C4O2,6.13,FALSE,349,143,323
W5C4P2,4.73,FALSE,220,112,228
W5C4S2,5.11,FALSE,270,134,286
W5C4Sb2,4.22,FALSE,197,107,228
W5C4Se2,4.63,FALSE,246,131,258
W5C4Te2,4.11,FALSE,218,124,258
W5N4,5.13,FALSE,448,219,605
W5N4As2,5.02,FALSE,297,208,577
W5N4Br2,5.32,FALSE,257,201,564
W5N4Cl2,5.43,FALSE,256,214,577
W5N4F2,5.50,FALSE,321,209,582
W5N4I2,4.90,FALSE,258,196,537
W5N4O2,6.63,FALSE,453,224,612
W5N4P2,5.22,FALSE,302,212,587
W5N4S2,6.06,FALSE,330,218,585
W5N4Sb2,4.99,FALSE,301,214,584
W5N4Se2,5.61,FALSE,338,213,580
W5N4Te2,5.16,FALSE,343,214,584
Y2C1,3.87,TRUE,154,93,205
Y2C1As2,3.70,FALSE,147,110,238
Y2C1Br2,3.75,FALSE,141,82,244
Y2C1Cl2,4.37,FALSE,157,123,247
Y2C1F2,3.59,FALSE,166,112,277
Y2C1I2,3.11,FALSE,121,93,248
Y2C1O2,6.24,FALSE,194,172,434
Y2C1P2,4.67,FALSE,144,139,308
Y2C1S2,5.85,FALSE,152,151,341
Y2C1Sb2,3.80,FALSE,161,106,295
Y2C1Se2,4.76,FALSE,160,132,298
Y2C1Te2,3.80,FALSE,163,82,190
Y2N1,4.02,FALSE,181,173,532
Y2N1As2,3.71,FALSE,164,162,489
Y2N1Br2,3.97,FALSE,172,146,470
Y2N1Cl2,4.29,FALSE,182,176,490
Y2N1F2,3.52,FALSE,184,160,494
Y2N1I2,3.18,FALSE,147,139,379
Y2N1O2,6.65,FALSE,233,191,560
Y2N1P2,4.56,FALSE,168,183,522
Y2N1S2,6.18,FALSE,178,185,506
Y2N1Sb2,3.72,FALSE,167,163,507
Y2N1Se2,5.18,FALSE,177,177,489
Y2N1Te2,3.91,FALSE,184,144,453
Y3C2,3.85,TRUE,160,85,211
Y3C2As2,3.86,FALSE,158,104,217
Y3C2Br2,3.77,FALSE,159,84,214
Y3C2Cl2,4.29,FALSE,160,112,213
Y3C2F2,3.57,FALSE,169,98,224
Y3C2I2,3.34,FALSE,142,91,222
Y3C2O2,5.78,FALSE,214,148,333
Y3C2P2,4.62,FALSE,159,122,269
Y3C2S2,5.39,FALSE,160,132,304
Y3C2Sb2,3.90,FALSE,167,98,256
Y3C2Se2,4.54,FALSE,177,112,243
Y3C2Te2,3.96,FALSE,168,83,167
Y3N2,4.13,FALSE,200,181,541
Y3N2As2,3.89,FALSE,186,175,505
Y3N2Br2,4.06,FALSE,200,158,491
Y3N2Cl2,4.25,FALSE,211,178,511
Y3N2F2,3.79,FALSE,214,174,511
Y3N2I2,3.59,FALSE,180,152,425
Y3N2O2,5.94,FALSE,278,194,565
Y3N2P2,4.52,FALSE,188,186,531
Y3N2S2,5.81,FALSE,206,187,529
Y3N2Sb2,3.91,FALSE,186,172,520
Y3N2Se2,5.07,FALSE,199,181,511
Y3N2Te2,4.06,FALSE,206,159,483
Y4C3,3.94,TRUE,166,85,198
Y4C3As2,3.95,FALSE,158,104,214
Y4C3Br2,3.82,FALSE,160,82,207
Y4C3Cl2,4.21,FALSE,163,108,216
Y4C3F2,3.75,FALSE,173,95,210
Y4C3I2,3.53,FALSE,147,89,212
Y4C3O2,5.46,FALSE,209,134,299
Y4C3P2,4.55,FALSE,159,117,264
Y4C3S2,5.09,FALSE,170,121,279
Y4C3Sb2,3.97,FALSE,167,97,242
Y4C3Se2,4.26,FALSE,172,105,213
Y4C3Te2,4.03,FALSE,169,86,172
Y4N3,4.22,FALSE,210,185,543
Y4N3As2,4.00,FALSE,199,179,516
Y4N3Br2,4.12,FALSE,212,166,502
Y4N3Cl2,4.28,FALSE,222,182,519
Y4N3F2,3.98,FALSE,232,179,518
Y4N3I2,3.75,FALSE,199,161,453
Y4N3O2,5.53,FALSE,294,194,563
Y4N3P2,4.50,FALSE,201,187,536
Y4N3S2,5.52,FALSE,209,190,531
Y4N3Sb2,4.01,FALSE,197,177,528
Y4N3Se2,4.94,FALSE,204,185,519
Y4N3Te2,4.16,FALSE,207,167,499
Y5C4,4.01,TRUE,168,85,191
Y5C4As2,4.01,FALSE,161,100,208
Y5C4Br2,3.89,FALSE,161,83,198
Y5C4Cl2,4.25,FALSE,164,102,196
Y5C4F2,3.83,FALSE,171,93,204
Y5C4I2,3.66,FALSE,150,88,203
Y5C4O2,5.29,FALSE,201,125,274
Y5C4P2,4.51,FALSE,166,108,243
Y5C4S2,4.86,FALSE,170,114,264
Y5C4Sb2,4.03,FALSE,170,94,227
Y5C4Se2,4.80,FALSE,165,103,202
Y5C4Te2,4.06,FALSE,167,86,173
Y5N4,4.25,FALSE,215,187,545
Y5N4As2,4.07,FALSE,207,181,523
Y5N4Br2,4.17,FALSE,213,172,512
Y5N4Cl2,4.31,FALSE,220,184,525
Y5N4F2,4.05,FALSE,231,181,525
Y5N4I2,3.88,FALSE,203,167,472
Y5N4O2,5.30,FALSE,291,194,562
Y5N4P2,4.48,FALSE,210,189,539
Y5N4S2,5.30,FALSE,216,191,536
Y5N4Sb2,4.08,FALSE,205,180,532
Y5N4Se2,4.84,FALSE,210,186,527
Y5N4Te2,4.18,FALSE,213,172,509
Zr2C1,4.03,TRUE,139,91,228
Zr2C1As2,3.73,FALSE,155,62,207
Zr2C1Br2,3.27,TRUE,141,103,250
Zr2C1Cl2,3.72,FALSE,147,106,252
Zr2C1F2,3.00,FALSE,167,98,287
Zr2C1I2,3.01,FALSE,130,104,259
Zr2C1O2,5.73,FALSE,246,162,406
Zr2C1P2,4.91,FALSE,156,97,270
Zr2C1S2,6.81,FALSE,148,120,287
Zr2C1Sb2,3.92,TRUE,145,57,212
Zr2C1Se2,5.74,FALSE,153,91,253
Zr2C1Te2,4.14,FALSE,149,33,122
Zr2N1,4.08,FALSE,186,145,527
Zr2N1As2,3.90,FALSE,181,146,484
Zr2N1Br2,3.51,FALSE,184,148,482
Zr2N1Cl2,3.82,FALSE,191,160,506
Zr2N1F2,3.70,FALSE,187,150,493
Zr2N1I2,3.19,FALSE,160,134,375
Zr2N1O2,6.41,FALSE,263,168,556
Zr2N1P2,4.62,FALSE,173,168,516
Zr2N1S2,6.22,FALSE,185,164,515
Zr2N1Sb2,3.85,FALSE,165,140,480
Zr2N1Se2,5.38,FALSE,189,148,493
Zr2N1Te2,4.06,FALSE,182,111,398
Zr3C2,4.32,TRUE,140,92,214
Zr3C2As2,3.95,TRUE,164,67,207
Zr3C2Br2,3.52,TRUE,160,100,232
Zr3C2Cl2,4.04,TRUE,162,99,232
Zr3C2F2,3.15,FALSE,180,99,236
Zr3C2I2,3.36,FALSE,140,101,233
Zr3C2O2,5.39,FALSE,240,143,339
Zr3C2P2,4.87,FALSE,169,96,254
Zr3C2S2,6.37,FALSE,166,112,261
Zr3C2Sb2,4.10,TRUE,157,63,198
Zr3C2Se2,5.58,FALSE,169,84,237
Zr3C2Te2,4.32,FALSE,162,36,129
Zr3N2,4.27,FALSE,203,150,539
Zr3N2As2,4.12,FALSE,201,151,502
Zr3N2Br2,3.70,FALSE,215,159,511
Zr3N2Cl2,3.99,FALSE,224,163,515
Zr3N2F2,4.17,FALSE,252,146,525
Zr3N2I2,3.60,FALSE,187,149,421
Zr3N2O2,6.16,FALSE,285,174,562
Zr3N2P2,4.53,FALSE,196,167,527
Zr3N2S2,5.78,FALSE,215,167,522
Zr3N2Sb2,4.14,FALSE,185,149,498
Zr3N2Se2,5.20,FALSE,217,155,508
Zr3N2Te2,4.27,FALSE,206,128,442
Zr4C3,4.33,TRUE,159,92,205
Zr4C3As2,4.11,TRUE,168,71,199
Zr4C3Br2,3.76,TRUE,170,97,219
Zr4C3Cl2,4.14,TRUE,172,97,219
Zr4C3F2,3.47,FALSE,188,97,219
Zr4C3I2,3.62,TRUE,152,99,216
Zr4C3O2,5.19,FALSE,232,132,304
Zr4C3P2,4.81,FALSE,173,95,240
Zr4C3S2,5.96,FALSE,173,106,242
Zr4C3Sb2,4.18,TRUE,163,68,197
Zr4C3Se2,5.35,TRUE,175,84,226
Zr4C3Te2,4.34,TRUE,168,47,143
Zr4N3,4.33,FALSE,223,156,542
Zr4N3As2,4.16,FALSE,214,156,514
Zr4N3Br2,3.90,FALSE,231,162,515
Zr4N3Cl2,4.14,FALSE,239,163,522
Zr4N3F2,4.26,FALSE,258,151,529
Zr4N3I2,3.82,FALSE,210,147,455
Zr4N3O2,5.78,FALSE,274,173,561
Zr4N3P2,4.55,FALSE,218,166,530
Zr4N3S2,5.49,FALSE,231,165,528
Zr4N3Sb2,4.21,FALSE,197,152,511
Zr4N3Se2,5.03,FALSE,228,158,518
Zr4N3Te2,4.32,FALSE,216,139,473
Zr5C4,4.37,TRUE,168,92,200
Zr5C4As2,4.16,TRUE,173,75,201
Zr5C4Br2,3.90,TRUE,175,96,213
Zr5C4Cl2,4.20,TRUE,178,96,213
Zr5C4F2,3.64,FALSE,192,95,213
Zr5C4I2,3.80,TRUE,161,98,211
Zr5C4O2,5.06,FALSE,226,124,283
Zr5C4P2,4.76,FALSE,177,95,230
Zr5C4S2,5.69,TRUE,179,103,232
Zr5C4Sb2,4.23,TRUE,170,72,195
Zr5C4Se2,5.21,TRUE,179,85,217
Zr5C4Te2,4.38,TRUE,174,53,151
Zr5N4,4.38,FALSE,230,157,544
Zr5N4As2,4.27,FALSE,225,156,520
Zr5N4Br2,4.03,FALSE,237,162,527
Zr5N4Cl2,4.28,FALSE,239,162,528
Zr5N4F2,4.28,FALSE,261,152,532
Zr5N4I2,3.96,FALSE,220,150,475
Zr5N4O2,5.61,FALSE,268,171,558
Zr5N4P2,4.53,FALSE,222,166,536
Zr5N4S2,5.35,FALSE,231,164,533
Zr5N4Sb2,4.30,FALSE,211,154,517
Zr5N4Se2,4.98,FALSE,228,158,523
Zr5N4Te2,4.36,FALSE,225,143,488
